id,name,brewery,brand,price,description,imageUrl,purchaseUrl,oldId
"7teaezhv","たかちよ STRAWBERRYMOON 扁平精米無濾過生原酒","高千代酒造株式会社（高千代 / たかちよ）","高千代 / たかちよ","1980","<p>商品詳細 高千代酒造の人気シリーズ「たかちよ（ひらがなラベル）」から、この季節だけの特別バージョンが登場！ 「たかちよ」は、ラベルカラーごとに果実をテーマにした味わいが楽しめるシリーズ。今回の「STRAWBERRY MOON」は、その名のとおり“イチゴ”のような甘酸っぱさと香りを追求した一本です。 新潟県開発の新型酵母「S9ARG」を使って仕込まれていて、香りはまるで熟したイチゴ！ しっかりとした旨みに、やさしい酸味が合わさって、まさに“飲むイチゴ”。 果実感たっぷりなのに、日本酒らしいコクも感じられる、満足感のある味わいです。 購入ページへ（外部サイト） その他商品一覧 たかちよ（TAKACHIYO） たかちよ STRAWBERRYMOON 扁平精... 720ml ¥ 1,980 (税込) 59Takachiyo 59Takachiyo CHAPTER 15 ... 720ml ¥ 1,870 (税込) 飲める・買えるお店 該当するリストがありません</p>","https://storage.googleapis.com/studio-cms-assets/projects/YPqrD0nkW5/s-500x500_webp_a64195ee-97fa-4b3e-8e9b-2a81a99cd942.png","https://a.r10.to/hgPRwl","7teaezhv"
"4kxrmics","播州一献 純米吟醸 SPRING SHINE 生酒 1800ml ","Unknown",,"4070","<p>商品詳細 春の輝きをそのまま表現したような、軽やかで美しい味わいの一本です。 まず感じるのは、キリッとした鮮やかな酸味。 これは「新しい季節のときめき」をイメージして仕上げたもの。そして、あとからふんわりと広がる優しい甘みは、四段仕込みによるもの。まるで春風のようにやわらかく、心地よく広がります。 旨味もありながら重たさはなく、「もう一杯…」と自然に手が伸びる軽やかさ。 これは、もろみ原酒でアルコール度数を14%に調整し、絶妙な飲み心地を追求した結果です。 山菜料理や鰆の塩焼きなど、春の食材との相性も抜群。 春の食卓にぴったりの一本です</p>","https://storage.googleapis.com/studio-cms-assets/projects/YPqrD0nkW5/s-1992x1992_v-frms_webp_d6645092-d5f4-4385-a181-c9e48ac16bd6.png","https://a.r10.to/h5Cn74","4kxrmics"
"h5hcfio-","あたごのまつ はるこい 純米吟醸酒 本生","Unknown",,"1870","<p>商品詳細 春を感じるピンク色がかわいい、にごり生酒です。 “赤色酵母”という、発酵中にお酒をほんのりピンクに染める特別な酵母を使って仕込まれた、協会認定の春限定酒！ 桜が咲くのが待ち遠しくなるような、春らしい見た目。 口に含むと、ほんのりフルーティーでやさしい香りがふわっと広がり、トロッとした舌ざわりと、まるで苺のような甘酸っぱさが爽やかに感じられます。 微発泡タイプで、シュワっと軽やかな飲み口。 アルコールはやや控えめの11％で、とっても飲みやすい一本です 購入ページへ（外部サイト） その他商品一覧 伯楽星（HAKURAKUSEI） 伯楽星(はくらくせい)　特別純米 720ml ¥ 2,750 (税込) 伯楽星（HAKURAKUSEI） 伯楽星（はくらくせい） 純米大吟醸 720ml ¥ 2,750 (税込) 飲める・買えるお店 該当するリストがありません</p>","https://storage.googleapis.com/studio-cms-assets/projects/YPqrD0nkW5/s-1992x1992_v-frms_webp_84cba804-e196-4622-bbe4-21f0a515024d.png","https://a.r10.to/h5hHjr","h5hcfio-"
"mbgptj-l","鬼酒　大江山　原酒","松波酒造株式会社（大江山）","大江山","1750","<p>商品詳細 購入ページへ（外部サイト） その他商品一覧 鬼酒　大江山　原酒 720ml ¥ 1,750 (税込) 鬼の舞　大江山 720ml ¥ 1,750 (税込) coji 搾りたて 純米酒 720ml ¥ 2,000 (税込) 飲める・買えるお店 該当するリストがありません</p>","https://storage.googleapis.com/studio-cms-assets/projects/YPqrD0nkW5/s-586x780_v-fs_webp_48aadb93-b44b-49d9-9eb1-92d226282223.jpg",,"mbgptj-l"
"xwnglv4r","鬼の舞　大江山","松波酒造株式会社（大江山）","大江山","1750","<p>商品詳細 酒呑童子が愛した「華やかな味わい」。マイルドでフルーティさを感じ、お米の甘みを感じることができます。 購入ページへ（外部サイト） その他商品一覧 鬼酒　大江山　原酒 720ml ¥ 1,750 (税込) 鬼の舞　大江山 720ml ¥ 1,750 (税込) coji 搾りたて 純米酒 720ml ¥ 2,000 (税込) 飲める・買えるお店 該当するリストがありません</p>","https://storage.googleapis.com/studio-cms-assets/projects/YPqrD0nkW5/s-586x780_v-fs_webp_ac81bd9b-6425-4481-9713-cd5afdeaaf73.jpg",,"xwnglv4r"
"gfx_gckt","coji 搾りたて 純米酒","Unknown",,"2000","<p>商品詳細 購入ページへ（外部サイト） その他商品一覧 鬼酒　大江山　原酒 720ml ¥ 1,750 (税込) 鬼の舞　大江山 720ml ¥ 1,750 (税込) coji 搾りたて 純米酒 720ml ¥ 2,000 (税込) 飲める・買えるお店 該当するリストがありません</p>","https://storage.googleapis.com/studio-cms-assets/projects/YPqrD0nkW5/s-586x780_v-fs_webp_f868d849-791e-456c-ad13-2d2986825111.jpg",,"gfx_gckt"
"ejgkg9dx","石鎚　純米大吟醸　さくらひめ","Unknown",,"3630","<p>商品詳細 愛媛県オリジナル品種の花から生まれた清酒用花酵母「愛媛さくらひめ酵母Type1 Tropical」を使用して醸した純米大吟醸酒です。 果実を感じさせる華やかな香りと、適度な甘さと爽快な酸味が調和しているのが特徴となっています。 このお酒のある空間が華やぐよう、可憐に咲く「さくらひめ」の花をイメージしたデザインです。 石鎚酒造がお届けする新世代の愛媛の日本酒のテロワールをお楽しみください。 購入ページへ（外部サイト） その他商品一覧 石鎚（ISHIZUCHI） 石鎚　純米大吟醸　さくらひめ 720ml ¥ 3,630 (税込) 飲める・買えるお店 該当するリストがありません</p>","https://storage.googleapis.com/studio-cms-assets/projects/YPqrD0nkW5/s-1800x2400_v-frms_webp_b04d584b-d7b7-46b2-9dd5-89e09a51af6f.jpg",,"ejgkg9dx"
"6rpriteh","飛良泉 FOUR SEASONS 春 うすにごり","株式会社飛良泉本舗（飛良泉）","飛良泉","1870","<p>商品詳細 酒蔵のある秋田県にかほ市の四季を「山廃づくり」で体現した&quot;FOUR SEASONS&quot;は飛良泉の仕込み水の源、鳥海山の壮大な景色をヒントに醸しました。 「春」はあけぼの、残雪、春かすみの連想から&quot;うすにごり&quot;で誂えました。 今シーズンのにかほ市は、雪が多かったり、少なかったり…。 にごり成分は昨年と比べ増やしたのでミルキーさがアップ。 春らしい優しい甘酸と米由来のビターさが後を引く味わいに。 スルスルと飲めるように設計しました。 是非お食事と一緒にお楽しみ下さい。 購入ページへ（外部サイト） その他商品一覧 FOUR SEASONS 飛良泉 FOUR SEASONS 春 うすにご... 720ml ¥ 1,870 (税込) 飛良泉（HIRAIZUMI） 飛良泉 山廃純米酒（特別純米酒） ml ¥ 1,760 (税込) 飲める・買えるお店 該当するリストがありません</p>","https://storage.googleapis.com/studio-cms-assets/projects/YPqrD0nkW5/s-1800x2400_v-frms_webp_8ca84f47-1f91-4eb5-bfff-4a37c4f68dce.jpg","https://a.r10.to/hk6RsT","6rpriteh"
"y4lordgd","HIRAN 飛鸞 ひらん にこまる 生酛造り","Unknown",,"3355","<p>商品詳細 長崎の食用米の奨励品種である「にこまる」を使用したお酒です。 酸味が味わいの輪郭としてしっかりとあり、軽い飲み口ながらもお米の旨みを感じられ、程よいフレッシュさが楽しめるお酒です。 購入ページへ（外部サイト） その他商品一覧 飛鸞（HIRAN） HIRAN 飛鸞 ひらん にこまる 生酛造り 1800ml ¥ 3,355 (税込) 飲める・買えるお店 該当するリストがありません</p>","https://storage.googleapis.com/studio-cms-assets/projects/YPqrD0nkW5/s-1800x2400_v-frms_webp_cd10b67a-651d-4458-b145-2870bc8c60cf.jpg","https://a.r10.to/hYMWjS","y4lordgd"
"aoqevoqf","来福　純米吟醸　いちごの花酵母","Unknown",,"1650","<p>商品詳細 ５BYの新酒は、出羽燦々、精米歩合50％、酵母は、いちごです。酒度は-2、酸度1.5です。 口に含んだ時に感じるベリー系の香りと熟した🍓イチゴの様なジューシーな甘みが口いっぱいに広がります。 購入ページへ（外部サイト） その他商品一覧 来福（RAIFUKU） 来福 らいふく 純米吟醸 夏麗 KAREI 720ml ¥ 1,870 (税込) 来福（RAIFUKU） 来福　純米吟醸　いちごの花酵母 720ml ¥ 1,650 (税込) 【ふるさと納税】No.084 日本酒アイス　秀... ml ¥ 13,000 (税込) 来福（RAIFUKU） 来福　純米吟醸　安康（あんこう） 720ml ¥ 1,815 (税込) 来福（RAIFUKU） 来福（らいふく）Coming Happines... 1800ml ¥ 3,190 (税込) 飲める・買えるお店 該当するリストがありません</p>","https://storage.googleapis.com/studio-cms-assets/projects/YPqrD0nkW5/s-1800x2400_v-frms_webp_642e7f35-5687-4152-bd3e-c5066b2aa4a3.jpg","https://a.r10.to/hkGUYW","aoqevoqf"
"01hbqahs","寫樂 写楽 純米酒 純愛仕込","Unknown",,"2860","<p>商品詳細 有名な『寫樂』シリーズの純米酒。搾りたてのお酒に一度急冷火入れを施すことで旨みを余すところ無く瓶に詰め込みました。 清涼感溢れる爽やかな果実味が特徴のキレの良いフレッシュな味わいです。 購入ページへ（外部サイト） その他商品一覧 冩樂（SHARAKU） 寫樂 写楽 純米酒 純愛仕込 720ml ¥ 2,860 (税込) 飲める・買えるお店 該当するリストがありません</p>","https://storage.googleapis.com/studio-cms-assets/projects/YPqrD0nkW5/s-300x400_b2bf3254-61d9-4a0f-ae48-6974be81c580.webp","https://a.r10.to/hkfQh4","01hbqahs"
"zsesfxhh","伯楽星(はくらくせい)　特別純米","Unknown",,"2750","<p>商品詳細 爽やかな酸が印象的な凛とした味わい &quot;究極の食中酒&quot;「伯楽星」 世界一おいしい日本酒を決める世界最大の日本酒コンペティション『SAKE COMPETITION』 にて、2014・2015・2016・2017年 純米酒部門 4年連続GOLD受賞。&quot;究極の食中酒&quot;・&quot;究極の3杯目&quot;をコンセプトに造られた、「伯楽星 はくらくせい」定番 特別純米酒です。 素材の持つ力を引きだし、食事を引き立てる名脇役。1杯目のインパクトはなくとも、気が付くと2杯、3杯とすすむ酒。そんなお酒を目指して造られています。 ズバッと糖分が少ない、すっきりとしたタイプです。冷で爽やかな酸がいきてきます。全体的に糖分が多い日本酒が増えてきている中で、すっきりとした酒質のため、脂ののったお料理を引き立たせます。純米吟醸と比較して、すっきりさが目立ちます。燗にする場合は温度を高めにし、パッと消える味わいをお楽しみください。 購入ページへ（外部サイト） その他商品一覧 伯楽星（HAKURAKUSEI） 伯楽星(はくらくせい)　特別純米 720ml ¥ 2,750 (税込) 伯楽星（HAKURAKUSEI） 伯楽星（はくらくせい） 純米大吟醸 720ml ¥ 2,750 (税込) 飲める・買えるお店 該当するリストがありません</p>","https://storage.googleapis.com/studio-cms-assets/projects/YPqrD0nkW5/s-500x500_webp_a5da1aa5-31de-47c0-88fa-9d91d647b69b.png","https://a.r10.to/hkr1rF","zsesfxhh"
"ukf8gl8l","男山 北の稲穂 大吟醸","男山株式会社（男山）","男山","2299","<p>商品詳細 40%まで磨き上げた北海道産酒造好適米を100%使用し、時間をかけて丁寧に醸しました。華やかな吟醸香とフルーティーでやわらかな味わい、雑味のない上品な余韻が心地良いお酒です 購入ページへ（外部サイト） その他商品一覧 男山（OTOKOYAMA） 【すし専用】男山 特別純米 つまみつつ 720ml ¥ 1,500 (税込) 男山（OTOKOYAMA） 男山 北の稲穂 大吟醸 720ml ¥ 2,299 (税込) 飲める・買えるお店 該当するリストがありません</p>","https://storage.googleapis.com/studio-cms-assets/projects/YPqrD0nkW5/s-1000x1000_v-fs_webp_f32583c2-a038-4db5-8d92-ff6b3458c49f.png","https://a.r10.to/hXHjBK","ukf8gl8l"
"-3qikxl_","シン・ツチダ 720ml 【土田酒造／群馬県】","Unknown",,"1995","<p>商品詳細 「五百万石」と聞くと、多くの方が淡麗で淡泊な味わいをイメージされるかと思います。 業界でよく言われるのは「硬い、溶けにくい」。 これは、米質が硬く、水を吸収しにくいため、発酵中に米が溶けにくいという特性からきているためです。 しかし、「本当にそれは米のせい？ 技術次第で変えられるのではないか？」と、考えました。 その仮説のもと、私たちは五百万石を使い、新しい酒造りに挑戦しました。 結果として生まれたのは、濃厚で複雑な味わいのお酒。 五百万石の教科書的な味わいを覆し、日本酒の新たな可能性を示す、深い味わいを実現できました。 「米の質よりも麹の造りかたで日本酒を変える」ことを証明した一本です。</p>","https://storage.googleapis.com/studio-cms-assets/projects/YPqrD0nkW5/s-500x500_webp_e2efc255-125a-4cc8-a78b-177cba72be57.png","https://a.r10.to/hRRx8W","-3qikxl_"
"-rlyehmb","来福　純米吟醸　安康（あんこう）","Unknown",,"1815","<p>商品詳細 蔵の地元、茨城の名産『安康(あんこう)』がモチーフ。 あんこうの大きな口でたくさんの&quot;口福&quot;を呼び込むようにと願いが込められた 縁起の良い一本！ 低グルテン米という新形質の 酒造好適米マスカットを思わす香りとすっきりした味わいが魅力の 食中にぴったりの味わいに仕上げられています♪ 低グルテン米とは 身体に吸収されやすい易消化性タンパク質(グルテリン)の 含量が低いという特性をもった品種のお米。 購入ページへ（外部サイト） その他商品一覧 来福（RAIFUKU） 来福 らいふく 純米吟醸 夏麗 KAREI 720ml ¥ 1,870 (税込) 来福（RAIFUKU） 来福　純米吟醸　いちごの花酵母 720ml ¥ 1,650 (税込) 【ふるさと納税】No.084 日本酒アイス　秀... ml ¥ 13,000 (税込) 来福（RAIFUKU） 来福　純米吟醸　安康（あんこう） 720ml ¥ 1,815 (税込) 来福（RAIFUKU） 来福（らいふく）Coming Happines... 1800ml ¥ 3,190 (税込) 飲める・買えるお店 該当するリストがありません</p>","https://storage.googleapis.com/studio-cms-assets/projects/YPqrD0nkW5/s-433x576_webp_27f46a77-e0bd-45ae-84ab-981eee60fb0f.png","https://jizake-daisuki.com/shopdetail/000000002395/?srsltid=AfmBOor2xgCc86Eby7Y9qG7Vhn2Uq-bEX-gBZHjKCud3RGihgjVSfSvk","-rlyehmb"
"uggl2x7p","貴 ( たか ) 純米吟醸 山田錦 生酒","Unknown",,"2200","<p>商品詳細 春の訪れとともに楽しむ、特別な生酒 春の気配を感じ、心も華やぐこの季節に仕込んだ限定の生酒。 山口市徳佐地区「十種（とくさ）の郷」の特等米 山田錦100％ で醸しました。 口に含むと、まずは生もと仕込みならではの酸味がやさしく広がり、ほどよいバランスで馴染んでいきます。 続いて、酢酸イソアミル由来のフルーティーな香りが広がり、白玉粉のような米の甘みがふんわりと感じられます。 しかし、決して甘さが重く残ることはなく、あくまで ソフトで繊細な味わい に仕上がっています。 お米本来の旨味が素直に引き出された味わいで、まるで白米と寄り添うように さまざまな料理と相性抜群。 特に、これから旬を迎える 山菜の天ぷら や 春の味覚 と合わせると、その魅力が一層引き立ちます。 購入ページへ（外部サイト） その他商品一覧 貴（TAKA） 貴 ( たか ) 純米吟醸 山田錦 生酒 720ml ¥ 2,200 (税込) 飲める・買えるお店 該当するリストがありません</p>","https://storage.googleapis.com/studio-cms-assets/projects/YPqrD0nkW5/s-500x500_webp_1a08e595-61b4-4c3e-bdfd-7cb09ffa487d.png","https://a.r10.to/h50K6x","uggl2x7p"
"ofamnqrw","来福 純米吟醸 生原酒 雄町","Unknown",,"1760","<p>商品詳細 飾らない美味しさ、ナチュラルな雄町！ 料理の味をさりげなく引き立てる、心地よい酸味も魅力です。 岡山県を代表する酒米「雄町」を50％まで磨き、ベゴニアの花酵母で仕込んだ純米吟醸。定番ながらも特別な一杯です。 「雄町」は、江戸時代から栽培されている歴史ある酒米。その豊かな旨味と力強い味わいが特徴で、近年では「山田錦」と並ぶ人気を誇ります。熱烈なファン「オマチスト」も多く生まれています。 このお酒は、雄町のふくよかな旨味を存分に楽しめるよう、 無濾過・生原酒・無加水 で瓶詰め。 上品でフルーティーな香り、みずみずしい甘みと旨味が静かに広がるその味わいは、まさに 雄町 meets 来福！ 飲みごたえがありながら、キリッとした酸が心地よく、後味は爽やか。 普段の食事にも合わせやすく、脂ののった旬の魚のムニエルやポワレと相性抜群。互いの甘みが引き立ち、絶品のマリアージュを生み出します。 購入ページへ（外部サイト） その他商品一覧 来福（RAIFUKU） 来福 らいふく 純米吟醸 夏麗 KAREI 720ml ¥ 1,870 (税込) 来福（RAIFUKU） 来福　純米吟醸　いちごの花酵母 720ml ¥ 1,650 (税込) 【ふるさと納税】No.084 日本酒アイス　秀... ml ¥ 13,000 (税込) 来福（RAIFUKU） 来福　純米吟醸　安康（あんこう） 720ml ¥ 1,815 (税込) 来福（RAIFUKU） 来福（らいふく）Coming Happines... 1800ml ¥ 3,190 (税込) 飲める・買えるお店 該当するリストがありません</p>","https://storage.googleapis.com/studio-cms-assets/projects/YPqrD0nkW5/s-500x500_webp_2f0d8663-8199-43b7-97fb-99793eebfa2f.png","https://a.r10.to/hkRJUW","ofamnqrw"
"l9_posh2","来福 純米吟醸 超辛口","Unknown",,"1595","<p>商品詳細 花酵母を巧みに使い香り高い酒を醸すことが多い「来福酒造」にとって例外的存在がこちらの「超辛口」。日本酒度は高いですが酸度が抑えられてる為、数字よりは柔らかく感じられます。 また、香りを極力抑えた本格辛口酒は米の旨味とキレ、シャープな辛さのバランスがとても良く、料理との相性も抜群で冷やから燗まで楽しめる万能な1本です。これが来福流「超辛口」！ 購入ページへ（外部サイト） その他商品一覧 来福（RAIFUKU） 来福 らいふく 純米吟醸 夏麗 KAREI 720ml ¥ 1,870 (税込) 来福（RAIFUKU） 来福　純米吟醸　いちごの花酵母 720ml ¥ 1,650 (税込) 【ふるさと納税】No.084 日本酒アイス　秀... ml ¥ 13,000 (税込) 来福（RAIFUKU） 来福　純米吟醸　安康（あんこう） 720ml ¥ 1,815 (税込) 来福（RAIFUKU） 来福（らいふく）Coming Happines... 1800ml ¥ 3,190 (税込) 飲める・買えるお店 該当するリストがありません</p>","https://storage.googleapis.com/studio-cms-assets/projects/YPqrD0nkW5/s-500x500_webp_cf4b1930-855d-49a4-95e1-2e04646d305f.png","https://a.r10.to/hPFcUs","l9_posh2"
"mqhusg_j","来福 Raifuku MELLOW 貴醸酒 生","Unknown",,"1920","<p>商品詳細 貴醸酒とは簡単に説明すると、「水の代わりに日本酒で仕込んだ日本酒」。ほとんどの貴醸酒が長期間熟成、そして値段も高いというのが一般的です。 来福が提案する貴醸酒は「できたての生酒」で、しかも「リーズナブル」。香りから甘味を感じ、口に入れるとより甘味感じます。ベタベタ感はなく、サラサラとした甘み。食前、食後、それにデザートに合う貴醸酒です。 購入ページへ（外部サイト） その他商品一覧 来福（RAIFUKU） 来福 らいふく 純米吟醸 夏麗 KAREI 720ml ¥ 1,870 (税込) 来福（RAIFUKU） 来福　純米吟醸　いちごの花酵母 720ml ¥ 1,650 (税込) 【ふるさと納税】No.084 日本酒アイス　秀... ml ¥ 13,000 (税込) 来福（RAIFUKU） 来福　純米吟醸　安康（あんこう） 720ml ¥ 1,815 (税込) 来福（RAIFUKU） 来福（らいふく）Coming Happines... 1800ml ¥ 3,190 (税込) 飲める・買えるお店 該当するリストがありません</p>","https://storage.googleapis.com/studio-cms-assets/projects/YPqrD0nkW5/s-460x536_webp_0ea65159-55e7-4fac-80f8-aa336cad11a2.png","https://a.r10.to/h5CaBx","mqhusg_j"
"-kb6d97q","萩乃露 双子座のスピカ 純米","Unknown",,"1210","<p>商品詳細 双子座のスピカは、柑橘のように爽やかで飲みやすい。 低アルコールで気軽に楽しめ、お肉やポテトフライ、スパイスやハーブをきかした食事、スイーツなど幅広いジャンルの 食事と驚くほど好相性の新しいタイプの日本酒です。 購入ページへ（外部サイト） その他商品一覧 飲める・買えるお店 該当するリストがありません</p>","https://storage.googleapis.com/studio-cms-assets/projects/YPqrD0nkW5/s-1000x1000_v-fs_webp_f2b11e8a-833e-48b1-bc4f-8ca35668bdf9.png","https://a.r10.to/h5Ue5C","-kb6d97q"
"gcjegfkw","神雷(しんらい)　黒ラベル　生もと　純米吟醸　千本錦(せんぼんにしき)","Unknown",,"1801","<p>商品詳細 県北のテロワールを反映した神石地酒 神雷を醸す三輪酒造の創業は享保元年(西暦1716年)と広島の中でも古い歴史を持ち、中国山脈の山あいの神石高原町に所在します。 軟水仕込みで知られる広島の酒造りですが、神雷は中国山脈のミネラル分を豊富に含む硬水と軟水を巧みに使い分けその風土を反映する酒造りを行っています。 酵母を添加せず醸される生もと造りの定番商品。 柔らかい酸とスッキリとした口当たりの良い味わいです。 購入ページへ（外部サイト） その他商品一覧 飲める・買えるお店</p>","https://storage.googleapis.com/studio-cms-assets/projects/YPqrD0nkW5/s-400x400_df9a38dd-5d79-46d5-a73e-0c164848bc2f.webp","https://a.r10.to/h5TYfM","gcjegfkw"
"1aqpf4-x","秋鹿酒造 秋鹿 自営田山田錦 山廃純米 無濾過生原酒","Unknown",,"2035","<p>商品詳細 蔵元自ら栽培された山田錦使用。 秋鹿酒造を代表とする一本で ガツンとした米の旨味としっかりした辛さ。 購入ページへ（外部サイト） その他商品一覧 飲める・買えるお店</p>","https://storage.googleapis.com/studio-cms-assets/projects/YPqrD0nkW5/s-500x500_webp_26d58f81-9f40-4631-948a-f71073ad83a6.png","https://a.r10.to/hkZ3cw","1aqpf4-x"
"hi_jzjij","伯楽星（はくらくせい） 純米大吟醸","Unknown",,"2750","<p>商品詳細 大吟醸でありながら、過剰な香りや甘さに頼らない食中大吟醸酒。 パインやマスカットを思わせる含み香が心地よく広がり、柑橘様な爽やかな酸味が切れ味を演出します。 日本航空（JAL）国際線ファーストクラスの搭載酒に選ばれるほどの高い評価を得る1本です。 購入ページへ（外部サイト） その他商品一覧 伯楽星（HAKURAKUSEI） 伯楽星(はくらくせい)　特別純米 720ml ¥ 2,750 (税込) 伯楽星（HAKURAKUSEI） 伯楽星（はくらくせい） 純米大吟醸 720ml ¥ 2,750 (税込) 飲める・買えるお店 該当するリストがありません</p>","https://storage.googleapis.com/studio-cms-assets/projects/YPqrD0nkW5/s-577x433_webp_40a90306-ed9c-41a7-ab97-246be84d005e.png",,"hi_jzjij"
"nlrdwowm","産土（うぶすな）山田錦 二農醸 ","Unknown",,"2140","<p>商品詳細 日本酒の価値を、土地の持つ土着の個性と可能性の中に見いだし「ここにしかない」最高の日本酒造りを目指す、花の香酒造「産土」。 蔵と水域の同じ菊池川流域和水地区産 山田錦を熊本9号酵母で醸し、酵母由来の独特の香り、酒本来が持つ甘みを土地の仕込水が宿した「とろみ」のテクスチャーがバランスよく響き合わせ、和水町の自然をそのまま表現しています。 菌や微生物が醸し出すフレッシュ感が、旨味を弾けさせシャープに仕上げたキレのあるお酒です。 </p>","https://storage.googleapis.com/studio-cms-assets/projects/YPqrD0nkW5/s-577x433_webp_d23acb2c-15f2-4a81-b731-755edb12f241.png","https://a.r10.to/hPAJvO","nlrdwowm"
"habcxano","山城屋　ファーストクラス","Unknown",,"4480","<p>商品詳細 「山城屋」は全量生酛造り。食事に合わせる事を目的としているため、甘さも控え目で、特徴的なのはバランスの良い酸だと思います。爽やかさ、軽さ、酸、透明感がキーワードです。</p>","https://storage.googleapis.com/studio-cms-assets/projects/YPqrD0nkW5/s-500x500_webp_eb7f3048-51d3-4ec4-a6cb-92d97d3c7ff5.png","https://a.r10.to/h8s9HB","habcxano"
"r8ubsju4","羽根屋 純米大吟醸50 翼 生","Unknown",,"2145","<p>商品詳細 冷涼なりんごの香りが感じられます。ふわりと優しい口あたり、洗練された瑞々しいお米の味わいが口いっぱいに広がり、軽快な余韻と共にさらりと後味がキレる…ゆっくりといつまでも飲んでいたい、そんなお酒です。 ワイングラスでおいしい日本酒アワード2015で金賞を受賞しました。 購入ページへ（外部サイト） その他商品一覧 飲める・買えるお店</p>","https://storage.googleapis.com/studio-cms-assets/projects/YPqrD0nkW5/s-350x350_webp_5b5938a0-c31b-49ce-8b82-af90195c267e.png","https://a.r10.to/hNJxcc","r8ubsju4"
"eivasgk5","作（ざく） 雅乃智 中取り","Unknown",,"2640","<p>商品詳細 三重県鈴鹿市に蔵を構える清水清三郎商店。「作（ざく）」は、地元で収穫されたお米のみを使用し醸される蔵の自信作！ こちらは、雅乃智を製造する過程で、もろみを搾る際最初に出た荒走りと最後の責めの部分を除いた、一番クリアな「中取り」のみを詰めたお酒です。 雅乃智の「優しさと気品を兼ね備えた、花の様に純粋で奥行きのある味わい」が更に極まった、繊細かつエレガントな味わいをお楽しみください！ 購入ページへ（外部サイト） その他商品一覧 飲める・買えるお店</p>","https://storage.googleapis.com/studio-cms-assets/projects/YPqrD0nkW5/s-577x433_webp_ad30291f-efe9-4f88-afa5-682fe5b51ccd.png","https://a.r10.to/hkSrip","eivasgk5"
"noyioxaq","加茂錦 荷札酒 月白 純米大吟醸","Unknown",,"3960","<p>商品詳細 荷札酒は、若い造り手が醸した次世代のお酒。フレッシュ感と柔らかさのバランスが良く、食事に合うように甘さを抑え、食べ合わせの広さと飲み飽きしない味わいを特徴に造られています。 こちらの月白は加茂錦流の淡麗辛口が表現されたお酒。シンプルな日本的色彩と吟香、同居する鮮度とナチュラルな深み…そんな香味がお楽しみいただける1本です。 また冷蔵保管（-5～5℃）での年単位の熟成にも適しています。 </p>","https://storage.googleapis.com/studio-cms-assets/projects/YPqrD0nkW5/s-577x433_webp_8312d4f7-345f-4b82-ab06-aaa443053fa4.png","https://a.r10.to/h5t7Dx","noyioxaq"
"y4b42xrp","風の森 ALPHA1 DRY 次章への鍵","Unknown",,"1793","<p>商品詳細 「アルコール分を抑えながらもバランスの取れた酒質」で人気の「ALPHA 1」。その「ALPHA 1」のDRYタイプの限定酒です。甘さを抑えつつより爽やかな果実感と心地よい酸味を表現。このお酒単体や、軽いおつまみとでも十分にお楽しみいただけますが、食事との相性も抜群。通常の「ALPHA 1」との飲み比べもおすすめです。 </p>","https://storage.googleapis.com/studio-cms-assets/projects/YPqrD0nkW5/s-765x900_v-fs_webp_28b54906-2720-48c5-b72b-664f0bf29816.jpg","https://a.r10.to/hkGWdo","y4b42xrp"
"f2rntizg","初亀 ( はつかめ ) 純米吟醸 東条山田錦","Unknown",,"2090","<p>精米歩合 55% 商品詳細 純米吟醸のスタンダード。熟した南国フルーツを思わせる香り。酸と旨味のバランスが良く、口当たりは非常に滑らか。焼津の削り節をはじめとする和風出汁の椀物、淡白な旬の白身魚との相性が抜群です。 購入ページへ（外部サイト） その他商品一覧 飲める・買えるお店 該当するリストがありません</p>","https://storage.googleapis.com/studio-cms-assets/projects/YPqrD0nkW5/s-612x408_v-fs_webp_a4a77958-d6e6-412f-8e14-d19d6d15d231.png","https://a.r10.to/hkJY8M","f2rntizg"
"gxuoimgf","初亀 純米吟醸 おりがらみ 生酒","Unknown",,"4180","<p>商品詳細 酒米の王様と称される山田錦の最高峰「特A地区東条産山田錦」を贅沢に使用して醸された純米吟醸新酒！ しぼりたての爽快感に僅かな澱が絡むことで、新酒の繊細な味わいに厚みが加わります。うすにごりでありながら味わいはややドライでキレがよく、お料理と共にお楽しみ頂きたい1本です。 </p>","https://storage.googleapis.com/studio-cms-assets/projects/YPqrD0nkW5/s-350x350_5b1ea172-7ff3-490f-be28-42cf6979d872.webp","https://a.r10.to/hkgfy3","gxuoimgf"
"uoexowp_","紀土 -KID- 大吟醸","Unknown",,"2310","<p>商品詳細 兵庫特A地区の山田錦を使用。 蔵人皆で試行錯誤し、醸した若手蔵人責任仕込みと、これまでの経験と技術を駆使して醸した杜氏仕込みのフュージョン。 透き通るようなフルーティーな香りで、甘みが口の中に広がりキレのあるフィニッシュでバランスのとれた大吟醸です。 購入ページへ（外部サイト） その他商品一覧 紀土（KID） 紀土 しぼりたて　純米吟醸 720ml ¥ 1,513 (税込) 紀土（KID） 紀土　純米吟醸　夏ノ疾風 720ml ¥ 1,350 (税込) 紀土（KID） 紀土 -KID- 大吟醸 720ml ¥ 2,310 (税込) 紀土（KID） 紀土 KID 純米大吟醸 山田錦 720ml ¥ 1,540 (税込) 紀土（KID） 紀土 白麹仕込 純米酒 720ml ¥ 1,980 (税込) 飲める・買えるお店 該当するリストがありません</p>","https://storage.googleapis.com/studio-cms-assets/projects/YPqrD0nkW5/s-400x400_webp_6a92147a-85c0-4f85-8450-830c1e8366a4.jpg","https://a.r10.to/h5LrLL","uoexowp_"
"w7s5tljl","紀土 KID 純米大吟醸 山田錦","Unknown",,"1540","<p>商品詳細 山田錦50%精米、華やかでフルーティーな吟醸香が女性人気の高い純米大吟醸です。純米大吟醸ならではの甘みと旨みを存分に味わえます。おすすめは、キリっと冷やしてワイングラスに注ぎ、コクや旨味が際立つチーズに合わせて楽しむこと。リゾットなどイタリアンにもぴったりで、香り豊かなハーブとも絶妙に調和します。「紀土」という名前には、紀州の風土を生かして、若い飲み手にも愛されるお酒を造っていきたいという気持ちがあらわれています。 購入ページへ（外部サイト） その他商品一覧 紀土（KID） 紀土 しぼりたて　純米吟醸 720ml ¥ 1,513 (税込) 紀土（KID） 紀土　純米吟醸　夏ノ疾風 720ml ¥ 1,350 (税込) 紀土（KID） 紀土 -KID- 大吟醸 720ml ¥ 2,310 (税込) 紀土（KID） 紀土 KID 純米大吟醸 山田錦 720ml ¥ 1,540 (税込) 紀土（KID） 紀土 白麹仕込 純米酒 720ml ¥ 1,980 (税込) 飲める・買えるお店 該当するリストがありません</p>","https://storage.googleapis.com/studio-cms-assets/projects/YPqrD0nkW5/s-375x500_webp_4376ad0e-4989-473b-828c-fdccd49edcc4.png","https://a.r10.to/hN5ON2","w7s5tljl"
"o8t1bf0a","亀の翁　純米大吟醸","久須美酒造株式会社（清泉 / 夏子の酒）","清泉 / 夏子の酒","4400","<p>商品詳細 「夏子の酒」ゆかりの蔵、久須美酒造（新潟県）が満を持して送り出す名品。「亀の翁」。数量限定正価販売です。 購入ページへ（外部サイト） その他商品一覧 飲める・買えるお店</p>","https://storage.googleapis.com/studio-cms-assets/projects/YPqrD0nkW5/s-600x600_v-fs_webp_d06316a3-f2c3-4346-8b5f-6dcee04c1ca1.jpg","https://a.r10.to/hUjnXG","o8t1bf0a"
"2pa8kasb","醸し香【翠】　－かもしか みどり－（季節限定酒）","Unknown",,"2000","<p>商品詳細 米をほとんど削らず、乳酸発酵により米のタンパク質を少なくして造った希少な日本酒。濃厚な甘味とシャープな酸味、ふくよかな香りが特長。 購入ページへ（外部サイト） その他商品一覧 飲める・買えるお店</p>","https://storage.googleapis.com/studio-cms-assets/projects/YPqrD0nkW5/s-341x299_webp_34c2c51f-5cf7-4ffa-9744-a911556ce83c.jpg",,"2pa8kasb"
"1uyqdxpt","【柱焼酎仕込み】金升朱（あか）ラベル","Unknown",,"1320","<p>精米歩合 60% 商品詳細 乙焼酎を添加した「柱焼酎仕込」の清酒です。 「柱焼酎仕込」とは、江戸元禄期の酒造技術書「童豪酒造記」の中で「味がしゃんとし、足が強く候」とあり、アルコールを強化し清酒の腐造を防ぐ、古来よりの乙焼酎添加製法のことです。 特約店限定販売のお酒です。 購入ページへ（外部サイト） その他商品一覧 飲める・買えるお店 該当するリストがありません</p>","https://storage.googleapis.com/studio-cms-assets/projects/YPqrD0nkW5/s-630x630_v-fs_webp_5e4c3355-3d81-40d8-ad21-b622a45adebe.jpg","https://a.r10.to/hkheNQ","1uyqdxpt"
"vzhg3xeu","金升 碧ラベル","Unknown",,"946","<p>商品詳細 夏は冷酒でスッキリとキレのある味わいを。冬は濃いめの料理と相性抜群な熱燗で◎特に「とびきり燗（55度前後）」がおすすめでコク深くそれでいてスッキリとした熱燗が楽しめます。 購入ページへ（外部サイト） その他商品一覧 金升（KANEMASU） 【柱焼酎仕込み】金升朱（あか）ラベル 720ml ¥ 1,320 (税込) 金升（KANEMASU） 金升 碧ラベル 720ml ¥ 946 (税込) 飲める・買えるお店 該当するリストがありません</p>","https://storage.googleapis.com/studio-cms-assets/projects/YPqrD0nkW5/s-500x500_160c6149-c345-45e5-b2b2-532ee3f22f3d.webp","https://a.r10.to/h56BFk","vzhg3xeu"
"uwr0369n","かたふね 本生しぼりたて 特別本醸造","合資会社竹田酒造店（かたふね）","かたふね","1595","<p>商品詳細 しぼったお酒を火入れせず生のまま瓶詰めしています。 日本酒本来の旨味、香りが存分に楽しめます。 寒い冬の時期だからこそお届けできる贅沢な味わいです。 購入ページへ（外部サイト） その他商品一覧 飲める・買えるお店 該当するリストがありません</p>","https://storage.googleapis.com/studio-cms-assets/projects/YPqrD0nkW5/s-626x672_v-fs_webp_d1053a23-8f38-4a85-b2d6-d156ec5244f4.jpg","https://a.r10.to/hNyKCl","uwr0369n"
"tumv-qul","かたふね 純米吟醸","合資会社竹田酒造店（かたふね）","かたふね","2426","<p>商品詳細 「米」，「米麹」だけで造られた本格派の優れもの。日本酒本来の「米」の味を十分に引き出した濃厚芳醇な日本酒の原点ともいえる味わいです。 購入ページへ（外部サイト） その他商品一覧 かたふね（KATAFUNE） かたふね 本生しぼりたて 特別本醸造 720ml ¥ 1,595 (税込) かたふね（KATAFUNE） かたふね 純米吟醸 720ml ¥ 2,310 (税込) かたふね（KATAFUNE） かたふね 純米酒 720ml ¥ 1,529 (税込) 飲める・買えるお店 該当するリストがありません</p>","https://storage.googleapis.com/studio-cms-assets/projects/YPqrD0nkW5/s-313x372_webp_3253704e-302f-40ee-91a0-44acdb34ce88.jpg","https://a.r10.to/h5ZOqO","tumv-qul"
"lnwhhy-q","かたふね 純米酒","合資会社竹田酒造店（かたふね）","かたふね","1529","<p>商品詳細 「米」，「米麹」だけで造られたお酒の普及版です。お気軽に「大地の恵み」をお楽しみください。 購入ページへ（外部サイト） その他商品一覧 かたふね（KATAFUNE） かたふね 本生しぼりたて 特別本醸造 720ml ¥ 1,595 (税込) かたふね（KATAFUNE） かたふね 純米吟醸 720ml ¥ 2,310 (税込) かたふね（KATAFUNE） かたふね 純米酒 720ml ¥ 1,529 (税込) 飲める・買えるお店 該当するリストがありません</p>","https://storage.googleapis.com/studio-cms-assets/projects/YPqrD0nkW5/s-313x372_webp_be1e2aa1-2be2-403b-8490-59fde2556534.jpg","https://a.r10.to/hNrwan","lnwhhy-q"
"wmjp8-uk","加藤酒造 越後屋 米ラベル 純米吟醸","加藤酒造株式会社（清正 / 越後屋）","清正 / 越後屋","1333","<p>商品詳細 このお酒「越後屋米ラベル純米吟醸」は、5℃位の温度で良さが発揮されます。米の華やかな味わい、旨みを封じ込めました。よく冷やしてたお酒の温度が口の中でほんのり上がる時、瑞々しさと、甘酸っぱさが広がります。舌の上で馴染み、しなやかな味わいになり、喉を通ると軽やかに消えて行きます、鮮やかな味わいをお楽しみいただけます。 購入ページへ（外部サイト） その他商品一覧 飲める・買えるお店</p>","https://storage.googleapis.com/studio-cms-assets/projects/YPqrD0nkW5/s-500x500_webp_5a3dba32-3708-425e-935f-e084de59d732.jpg","https://amzn.to/428ciNo","wmjp8-uk"
"i9ymrdwt","越後美人　純米大吟醸酒","Unknown",,"4650","<p>商品詳細 「山田錦」を100％使用、精米歩合は40％で造りました。果樹のような華やかな香りと柔らかい酸味が感じられるお酒です。フルーティーな後味で、冷やしてお召し上がり頂くのがお勧めです。 購入ページへ（外部サイト） その他商品一覧 飲める・買えるお店 該当するリストがありません</p>","https://storage.googleapis.com/studio-cms-assets/projects/YPqrD0nkW5/s-412x550_webp_d23ab755-7922-450a-a34f-3a24f4cae108.jpg","https://a.r10.to/hkuuva","i9ymrdwt"
"njyqfbhv","越後美人 純米吟醸","Unknown",,"2629","<p>商品詳細 新潟県産米の「越淡麗」と「越いぶき」を使って造りました。さらりとした味わいの中に、深いコクと、ふくらみのあるうまみが広がります。夏は少し冷やして、冬は人肌の燗でお楽しみください。 購入ページへ（外部サイト） その他商品一覧 越後美人（ECHIGO BIJIN） 越後美人　純米大吟醸酒 720ml ¥ 3,850 (税込) 越後美人（ECHIGO BIJIN） 越後美人 純米吟醸 720ml ¥ 2,629 (税込) 飲める・買えるお店 該当するリストがありません</p>","https://storage.googleapis.com/studio-cms-assets/projects/YPqrD0nkW5/s-750x750_v-fs_webp_cc4b586e-9021-4ed3-9def-8d13556ce80a.jpg","https://a.r10.to/hkkrXk","njyqfbhv"
"9likintu","群亀 銀撰","関原酒造株式会社（群亀）","群亀","2560","<p>商品詳細 どんな料理とも相性抜群の定番の辛口。キレとコク、旨みのバランスがよく、冷や、ぬる燗、熱燗いずれもお楽しみいただけます。 購入ページへ（外部サイト） その他商品一覧 飲める・買えるお店 該当するリストがありません</p>","https://storage.googleapis.com/studio-cms-assets/projects/YPqrD0nkW5/s-400x400_webp_5d10ff82-5431-4c8c-977b-cac87325a97e.jpg","https://a.r10.to/hk6OZp","9likintu"
"7agnmjsc","越後長岡藩　純米吟醸","Unknown",,"1254","<p>商品詳細 厳選した国産米だけを使用して造った純米酒です。コクとキレのある飲み口をお楽しみいただけます。 購入ページへ（外部サイト） その他商品一覧 群亀（GUNKI） 群亀 銀撰 1800ml ¥ 2,560 (税込) 越後長岡藩（ECHIGO NAGAOKAHAN） 越後長岡藩　純米吟醸 720ml ¥ 1,254 (税込) 飲める・買えるお店 該当するリストがありません</p>","https://storage.googleapis.com/studio-cms-assets/projects/YPqrD0nkW5/s-500x500_webp_b5697816-3c72-4cc3-91fc-dcc4a43343b6.png","https://a.r10.to/hNd7uA","7agnmjsc"
"_5acsxce","越後 雪紅梅 純米大吟醸 越淡麗仕込","Unknown",,"5000","<p>商品詳細 契約栽培米「越淡麗」を小タンクで丹念に仕込んだ贅沢な逸品。気品ある華やかな香りと甘美な味わいが特徴です。 購入ページへ（外部サイト） その他商品一覧 飲める・買えるお店 該当するリストがありません</p>","https://storage.googleapis.com/studio-cms-assets/projects/YPqrD0nkW5/s-600x720_v-fs_webp_bbd14f90-cd49-43e8-9f14-121ab9882a49.png","https://a.r10.to/h55uGj","_5acsxce"
"x70x5vvx","越後雪紅梅 純米大吟醸","Unknown",,"2800","<p>精米歩合 45% 商品詳細 口に含むと広がる上質な旨み。 芳醇にして優雅な香りを醸す品格ある味わい。 凛としたかぐわしさが印象的な辛口の純米大吟醸。 燗酒コンテスト2024 プレミアムぬる燗部門 金賞! 購入ページへ（外部サイト） その他商品一覧 越後 雪紅梅（ECHIGO SEKKOUBAI） 越後 雪紅梅 純米大吟醸 越淡麗仕込 720ml ¥ 5,000 (税込) 越後 雪紅梅（ECHIGO SEKKOUBAI） 越後雪紅梅 純米大吟醸 720ml ¥ 2,800 (税込) 飲める・買えるお店 該当するリストがありません</p>","https://storage.googleapis.com/studio-cms-assets/projects/YPqrD0nkW5/s-600x720_v-fs_webp_9dbd93c8-efc9-4381-9080-7d60a9c7c330.png","https://a.r10.to/hkSfUO","x70x5vvx"
"pjryp4mi","鮎正宗 純米酒","鮎正宗酒造株式会社（鮎正宗）","鮎正宗","1320","<p>商品詳細 マイルドで上品なタイプの純米酒。 やや甘口で、味わいに深みがあります。 購入ページへ（外部サイト） その他商品一覧 飲める・買えるお店 該当するリストがありません</p>","https://storage.googleapis.com/studio-cms-assets/projects/YPqrD0nkW5/s-640x640_26c1d137-4713-4197-8e97-8a8690681191.webp","https://a.r10.to/h57VLO","pjryp4mi"
"paia79fd","鮎正宗　鮎　純米吟醸　金ラベル","鮎正宗酒造株式会社（鮎正宗）","鮎正宗","2200","<p>商品詳細 「鮎正宗」の定番品、伝統の味わいを受け継ぐ純米吟醸。 香り高く、マイルドで上品な味わい。清涼感の後に深みを含んだ余韻が 広がります。 ※正規特約店限定品です。 購入ページへ（外部サイト） その他商品一覧 鮎正宗（AYUMASAMUNE） 鮎正宗 純米酒 720ml ¥ 1,320 (税込) 鮎（AYU） 鮎正宗　鮎　純米吟醸　金ラベル 720ml ¥ 2,200 (税込) 飲める・買えるお店</p>","https://storage.googleapis.com/studio-cms-assets/projects/YPqrD0nkW5/s-1200x800_v-fms_webp_1c36272d-83ef-4bb4-9209-0b61d8686668.png","https://a.r10.to/hNNC8t","paia79fd"
"wafymqqe","ヒメノイ calm(カーム) ","石塚酒造株式会社（姫の井 / かめぐち酒）","姫の井 / かめぐち酒","3795","<p>カームは石塚酒造の伝統もち米四段仕込みになり、ジューシーさを最大限に引き出すと共に乳酸菌酒母のマイルドな酸味により青りんごのような味わいが特徴的です！<br><br>今期は精米方法を変更し扁平精米にしました。結果的には酒質がキレイになりました。酒質がキレイになることでもち米由来の甘みと乳酸菌酒母の酸味がハッキリしたと感じます！</p>","https://storage.googleapis.com/studio-cms-assets/projects/YPqrD0nkW5/s-624x832_v-fs_webp_6deba36a-f4b8-4a0e-9059-3bc05731d4f5.jpg","https://a.r10.to/hkaWzN","wafymqqe"
"teugdf5e","至　純米吟醸　生原酒","Unknown",,"3980","<p>商品詳細 佐渡産の酒造好適米越淡麗を使用した純米吟醸の生原酒です。 至 純米吟醸 搾りたて生は、新酒らしいフレッシュ感と、厚みのある旨味、穏やかに広がる吟醸香を楽しめます。 新潟の酒造りにおいて、主力となる酒米は五百万石でした。 この米は割れやすく大吟醸には不向きという性質があり、他県産の山田錦を使わざるをえませんでした。 原料米・水・技術をすべて県内産で完結させる「オール新潟」をめざして開発された酒米が越淡麗（こしたんれい）です。 山田錦を母に、五百万石を父に持つこの酒米は、高精米に耐えタンパク質含有率が低いという特徴があります。 そのため、キレが良く柔らかな酒質が特徴です。 また吟醸造りのときの香りは、山田錦の血統をしっかりとうけついでいることを確認させてくれます。 米どころ新潟がプライドをかけて開発した酒造好適米越淡麗の実力を、とっくりとご堪能ください。 購入ページへ（外部サイト） その他商品一覧 飲める・買えるお店 該当するリストがありません</p>","https://storage.googleapis.com/studio-cms-assets/projects/YPqrD0nkW5/s-635x635_v-fs_webp_25a2b568-45aa-4b82-8c96-3873b72dae26.jpg","https://a.r10.to/hgA2NV","teugdf5e"
"lrlfnvaq","蓬莱 純米吟醸 家伝手造り","Unknown",,"2998","<p>商品詳細 贅沢な米使いをする蓬莱の定番酒。派手さを求めず、気品ある素直な味わいの純米吟醸を目指した自信作です。 ＡＮＡ国際線ファーストクラスでも採用された、お米本来の香りと綺麗な味わいは、 合わせるお料理や場所を選ばず、幅広い世代にご好評いただいております。 購入ページへ（外部サイト） その他商品一覧 飲める・買えるお店 該当するリストがありません</p>","https://storage.googleapis.com/studio-cms-assets/projects/YPqrD0nkW5/s-1000x1000_v-fs_webp_62cd2bdf-8045-4a72-abaf-55b56df9e259.jpg","https://a.r10.to/hNYfl3","lrlfnvaq"
"xg5bfgeo","三井の寿 純米吟醸 山田錦 +14 大辛口","Unknown",,"1639","<p>商品詳細 珍しいダブルA面ラベルの日本酒です。 片面は日本酒らしい漢字の白ラベル、もう片面はマンガ「スラムダンク」の三井寿のユニフォームをイメージして日本酒度を+14で醸した赤ラベルです。 作者が「三井の寿」のファンで登場人物の名前に取り入れたことからのラベルデザイン。 山田錦を9号酵母で仕込み、辛口でありながらお米の旨味を残した純米吟醸です。 購入ページへ（外部サイト） その他商品一覧 飲める・買えるお店</p>","https://storage.googleapis.com/studio-cms-assets/projects/YPqrD0nkW5/s-500x500_webp_8b7d132b-ad83-4e0b-9731-9344cb5b4aa0.png","https://a.r10.to/hNIF3K","xg5bfgeo"
"jcknphvd","東洋美人 壱番纏 ( いちばんまとい ) 純米大吟醸","Unknown",,"3850","<p>商品詳細 「一番纏」は“いちばんまとい”と読み、 一番の晴れ着という思いを込めて名付けられました。 旨み・香り・キレ・きれいな酸が 絶妙にして最上のバランスを保っています。 限りない透明感とどこまでも続く深い余韻は 是非試して欲しい逸品です！ 長州産『山田錦』を40％まで磨き上げた純米大吟醸です。 一口飲むと思わず「旨い！」と言ってしまうお酒です。 非常に上品、エレガントで高貴な感じがあります。 ほのかに香る吟醸香とすべるような滑らかな舌触りが最高です！ 優しく柔らかく繊細で透明感があり、お米の旨みと上品な後口のキレ味が抜群です。 ゆっくり味わって飲むと癒してくれる、そんなお酒です。 購入ページへ（外部サイト） その他商品一覧 飲める・買えるお店 該当するリストがありません</p>","https://storage.googleapis.com/studio-cms-assets/projects/YPqrD0nkW5/s-699x699_v-fs_webp_a8455401-494b-4bbb-b21c-aba6d9fdcc7e.jpg","https://a.r10.to/h5PXEV","jcknphvd"
"a-stjlhr","醸し人 九平次　別誂　純米大吟醸","Unknown",,"5500","<p>商品詳細 三ツ星レストランご用達の醸し人九平次最高峰の1本！ 九平次シリーズ最高峰の1本「別誂」！「別誂　べつあつらえ」は特別に注文して作るという意味、それだけこだわり抜いた逸品です。 パリ・三ツ星レストランでも求められた純米大吟醸酒をぜひお試しください！ 淡い柑橘系の香りの奥に果実の香りがかすかに漂い、山田錦のポテンシャルを感じる濃厚な甘味と旨味を兼ね備えつつ透明感と上品さを感じさせる味わいはさすがです。 微炭酸を感じさせ、余韻を残しつつ綺麗に収まる感じは、お酒の味わいを感じて頂きながら料理の邪魔をしない感じになってます。 また、温度帯・グラスで味わいが変わりますので是非お試しください！ 購入ページへ（外部サイト） その他商品一覧 飲める・買えるお店 該当するリストがありません</p>","https://storage.googleapis.com/studio-cms-assets/projects/YPqrD0nkW5/s-500x500_webp_7f350de9-75fa-4dea-90be-4f2f725dc25d.png","https://a.r10.to/h5sgVi","a-stjlhr"
"koil-s8c","59Takachiyo CHAPTER 15 純米吟醸 秋田酒こまち 無濾過 生原酒","Unknown",,"1870","<p>商品詳細 日本全国の酒米を巻機山の伏流水と扁平精米で仕込む、ハイスペックな純米吟醸酒シリーズ。 今回使用する秋田酒こまちは、日本屈指の酒どころ秋田で1998年に生れた比較的新しい酒米です。 山田錦と美山錦の長所を受け継いだこの酒米は、香たかく上品で軽快な味わいがもちあじとなっています。 蔵元の手で最高の状態で醸されたこの一本、ぜひお試しください。 購入ページへ（外部サイト） その他商品一覧 たかちよ（TAKACHIYO） たかちよ STRAWBERRYMOON 扁平精... 720ml ¥ 1,980 (税込) 59Takachiyo 59Takachiyo CHAPTER 15 ... 720ml ¥ 1,870 (税込) 飲める・買えるお店</p>","https://storage.googleapis.com/studio-cms-assets/projects/YPqrD0nkW5/s-700x1000_v-fs_webp_d8828d5a-b71b-48a4-ae22-855596d172c2.jpg","https://a.r10.to/hkzlJa","koil-s8c"
"n24wodo0","あべ＋（プラス）","阿部酒造株式会社（あべ / VEGA）","あべ / VEGA","2420","<p>商品詳細 新製品シリーズ「あべ+(プラス)」！ 「+(プラス)」には3つの意味が込められています。 1.自社で出た酒粕から製造した粕取焼酎を発酵中の日本酒にプラス。2.純米酒の良さと、蒸留酒である焼酎が融合。従来のあべシリーズに新しい味わいをプラス。3.阿部酒造の酒造りをさらに前進させるという意味でのプラス。 あべ+はロット毎で味わいをチューニング。今回は、焼酎由来のキレをしっかり感じる味わいです！ 天ぷらなどの揚げ物などと相性◎ 購入ページへ（外部サイト） その他商品一覧 飲める・買えるお店</p>","https://storage.googleapis.com/studio-cms-assets/projects/YPqrD0nkW5/s-500x500_webp_1adfb9d5-2b3d-44b5-90bf-fef1b3591a6c.png","https://a.r10.to/h9l0vP","n24wodo0"
"inb5gif0","土田　Meat Lovers Only","Unknown",,"2750","<p>精米歩合 90% 商品詳細 「世界一肉に合う」をコンセプトに、完全会員制の低温調理肉と日本酒のペアリング専門店「29ON」とコラボして誕生した肉にぴったりの日本酒です。 自然環境まかせの特殊な日本酒醸造技術である「菩提もと」で十分に育った蔵付き（野生）酵母が「山廃もと」の過酷な環境でさらにパワフルに育ち、複雑かつ旨味が強い、肉にぴったりのお酒が誕生しました。 購入ページへ（外部サイト） その他商品一覧 シン・ツチダ シン・ツチダ 五百万石 720ml ¥ 1,700 (税込) 土田シリーズ（TSUCHIDA SERIES） 【IMADEYA限定】土田 生もと別誂 720ml ¥ 2,200 (税込) 土田シリーズ（TSUCHIDA SERIES） 土田 生もと 別誂 令和五酒造年度仕込み５号 720ml ¥ 2,800 (税込) 譽國光（HOMAREKOKKO） こうじの恵　石けん（100g） ml ¥ 700 (税込) 譽國光（HOMAREKOKKO） こうじの恵　トライアルセット 0ml ¥ 1,100 (税込) 飲める・買えるお店</p>","https://storage.googleapis.com/studio-cms-assets/projects/YPqrD0nkW5/s-800x800_v-fs_webp_9bdd0e07-80ec-44ae-8151-71ab8738fd01.jpg","https://imadeya.co.jp/products/8387782443173?srsltid=AfmBOoppWpdSqXhHBp4wj4PvS5Hkm2ZI4j8Aw-OnF-I4T0ptC-hELMv4","inb5gif0"
"whspsacj","作　純米吟醸　インプレッション　M　2024","Unknown",,"2035","<p>商品詳細 火入れでありながらもまるで絞りたての生酒のような、フレッシュな香味や風味をできるだけ再現する原酒を造れないかと試行錯誤を重ねて生まれた「インプレッションシリーズ」。 開栓時にはフレッシュで華やかな香りと微炭酸が心地よく口中を刺激します。 アルファベットはベースにしている酒の頭文字です。こちらは「M／恵乃智」です。 それぞれの味わいの違いをお楽しみいただけます。よく冷やしてお召し上がりください。 購入ページへ（外部サイト） その他商品一覧 作（ZAKU） 作（ざく） 雅乃智 中取り 750ml ¥ 2,640 (税込) 作（ZAKU） 作　純米吟醸　インプレッション　M　2024 750ml ¥ 2,035 (税込) 飲める・買えるお店 該当するリストがありません</p>","https://storage.googleapis.com/studio-cms-assets/projects/YPqrD0nkW5/s-800x800_v-fs_webp_9dda3c93-2578-442b-9a01-243b63a04e50.jpg","https://a.r10.to/h5yUVi","whspsacj"
"x8mtyiix","惣誉　新・純米酒　","Unknown",,"1595","<p>「惣誉 新・純米酒」<br>惣誉酒造の新しいタイプの純米酒です。「地の酒に生きる」を理念に掲げ、地元の食卓にいつも並ぶ酒を理想としている惣誉酒造が、改めて今の食卓を考えて開発した食中酒。<br>手ごろな値段で日常使いしやすく、食事を邪魔しない綺麗な味わいを持ったお酒です。</p>","https://storage.googleapis.com/studio-cms-assets/projects/YPqrD0nkW5/s-800x800_v-fs_webp_aa2633d6-8ed1-46f9-9628-e13e01bb0593.jpg","https://a.r10.to/hPbkf8","x8mtyiix"
"rifykha8","一ノ蔵 特別純米 超辛口 1800ml","株式会社一ノ蔵（一ノ蔵 / すず音）","一ノ蔵 / すず音","2715","<p>商品詳細 超辛口らしい清涼感と軽快でシャープな味わいが特徴。程よい酸味と苦味、そして後味のキレが超辛口らしさを醸し出します。清流を思わせる清々しい華やかな香りが全体の香りを引き締めます。料理の味も引き立てる、飲み応えある特別純米酒をお楽しみください。 購入ページへ（外部サイト） その他商品一覧 一ノ蔵（ICHINOKURA） 一ノ蔵 Madena（までな） 720ml ¥ 6,000 (税込) 一ノ蔵（ICHINOKURA） 一ノ蔵 特別純米 超辛口 1800ml ¥ 2,715 (税込) 飲める・買えるお店 該当するリストがありません</p>","https://storage.googleapis.com/studio-cms-assets/projects/YPqrD0nkW5/s-560x560_webp_dc14317e-8003-427b-83f1-47e9a5a0f1bf.jpg","https://a.r10.to/hPTKDq","rifykha8"
"1cqimjnn","土田 研究醸造Data33 Tsuchida12 7号酵母仕込","Unknown",,"2017","<p>商品詳細 定番のTsuchida12(6号酵母)と同じ仕込みでありながら、7号酵母を使用することで、7号らしい独自の個性を引き出した特別な日本酒に。 低アルコールで、夏に飲むには最適。氷入れても味がへたらないです。度数が低くても水っぽい薄さはなく、甘さも酸味もしっかりとあります。 日本酒初心者な方ほどオススメ。軽くて飲みやすいため、飲む方を選ばず、友人や家族との集まり、特別なディナー、飲み会など、様々なシーンでおすすめしやすい1本です。 購入ページへ（外部サイト） その他商品一覧 シン・ツチダ シン・ツチダ 五百万石 720ml ¥ 1,700 (税込) 土田シリーズ（TSUCHIDA SERIES） 【IMADEYA限定】土田 生もと別誂 720ml ¥ 2,200 (税込) 土田シリーズ（TSUCHIDA SERIES） 土田 生もと 別誂 令和五酒造年度仕込み５号 720ml ¥ 2,800 (税込) 譽國光（HOMAREKOKKO） こうじの恵　石けん（100g） ml ¥ 700 (税込) 譽國光（HOMAREKOKKO） こうじの恵　トライアルセット 0ml ¥ 1,100 (税込) 飲める・買えるお店 該当するリストがありません</p>","https://storage.googleapis.com/studio-cms-assets/projects/YPqrD0nkW5/s-1000x1000_v-fs_webp_c87cc0e2-57fa-413e-be32-4b2e1bad1c8d.png","https://a.r10.to/hkaWgc","1cqimjnn"
"q5rfeudj","浦里 純米吟醸 生もと 1800ml","Unknown",,"3850","<p>商品詳細 銘柄「霧筑波」「浦里」を醸す、茨城県つくば市に蔵を構える浦里酒造店。「浦里」は6代目蔵元 浦里知可良氏が醸すブランドです。 こちらは、茨城県産の「五百万石」を生もと仕込で醸した純米吟醸酒です。 厳密に管理された生もとは、速醸以上に綺麗な酒質で幅のある味わいになるそう！ 生もとの微生物の遷移が広大な宇宙の営みの様であること、つくば市はJAXAが所在するなど宇宙研究が盛んな街であることから、宇宙をモチーフにしたラベルになっています。</p>","https://storage.googleapis.com/studio-cms-assets/projects/YPqrD0nkW5/s-800x800_v-fs_webp_7847a731-a7ef-4518-a554-cefcd1eeb1d1.jpg","https://a.r10.to/h5cq56","q5rfeudj"
"okfk4yak","惣誉（そうほまれ） ひやおろし 生もと仕込 特別純米酒","Unknown",,"1760","<p>商品詳細 田園風景と青い空が広がり、彼方には日光連山を望む栃木県東部ののびやかな自然の中に蔵を構える惣誉酒造。惣誉の井戸水は、清らかな鬼怒川水系の伏流水。まろやかでおいしく、惣誉の酒質の源となっています。 こちらは、兵庫県の特A地区で栽培された「山田錦」を100％使用し、江戸時代から続く伝統的な生もと仕込みで醸されたひやおろし。 柔らかい口当たりながら、密度の高い旨みが感じられます。 購入ページへ（外部サイト） その他商品一覧 惣譽（SOHOMARE） 惣誉　新・純米酒　低アルコール 720ml ¥ 1,496 (税込) 惣譽（SOHOMARE） 惣誉（そうほまれ） ひやおろし 生もと仕込 特... 720ml ¥ 1,760 (税込) 飲める・買えるお店</p>","https://storage.googleapis.com/studio-cms-assets/projects/YPqrD0nkW5/s-1000x1000_v-fs_webp_ad51847a-2d6b-420e-b4f6-ab93193dd7e5.png","https://a.r10.to/hkgfZT","okfk4yak"
"axqiu2bw","IMA 牡蠣のための日本酒","今代司酒造株式会社（今代司）","今代司","1848","<p>商品詳細 日本酒ペアリングを楽しむための1本 牡蠣に合わせて飲んでいただきたい純米酒、その名も「IMA 牡蠣のための日本酒」。牡蠣と合わせるため、開発に3年の歳月をかけてようやく完成した日本酒です。 発売開始からご好評をいただき、オイスターバーを始めとする料飲店様からも多くのご用命をいただいています。もう日本酒は、和食だけのものではありません。白ワインのような甘酸っぱさは、ワイン派さんや日本酒ビギナーさんへも自信を持っておすすめします。いつものおちょこはもちろんですが、ワイングラスやシャンパングラスでどうぞ。 【ペアリングにおすすめの料理】牡蠣料理、カルパッチョなどのシーフード料理、カプレーゼなど どうして牡蠣と合うの？3つのポイント ①白ワインのような甘酸っぱい味わいが、生牡蠣はもちろんソテーやボイル、燻製された牡蠣にもよく合います。さらに、純米酒らしいお米の旨みが牡蠣のおいしさをふくらませてくれます。 ②鉄分を多く含むワインと魚介類を合わせると、生臭さを感じる場合があります。実は、魚介類の生臭さは鉄分によって増幅します。ワインに含まれる鉄分が反応して生臭さを感じる成分を発生させてしまうのです。「IMA 牡蠣のための日本酒」は一般的なワインと比較して鉄分含有量が100分1程度。牡蠣の生臭さを抑えてくれます。さらに、たっぷり含まれる酸がお口の中をリフレッシュさせてくれます。 ③特殊な清酒酵母が生み出したリンゴ酸が含まれています。リンゴ酸には牡蠣の栄養分を体に摂り込みやすくするはたらきがあります。酒蔵が醸す新たな可能性をお楽しみください。 「IMA (アイ・エム・エー)」とは？ 今代司のイニシャルであると同時に、Innovation(革新・発明)／Mastery(司・熟練)／Art(芸術・技術) の頭文字をとりました。 今代司酒造は&quot;今と古をむすぶ&quot;ことを理念の1つとしていますが、古くからの伝統を大切にすると同時に新しいコンセプトやデザインにもこだわり、これからも&quot;今の時代に合ったお酒の楽しみ方を創造&quot;してまいります。 購入ページへ（外部サイト） その他商品一覧 飲める・買えるお店 該当するリストがありません</p>","https://storage.googleapis.com/studio-cms-assets/projects/YPqrD0nkW5/s-1100x1100_v-fs_webp_8408e900-ccac-49bd-8665-47f4bf7de6d1.jpg","https://a.r10.to/hF3DlB","axqiu2bw"
"tsnyicmk","風の森 山田錦 807 生酒","Unknown",,"1496","<p>商品詳細 低精白でありながら、超低温長期発酵によって山田錦の個性を存分に引き出しました。80％精米ならではのフルボリュームの味わいと独特の酸味がバランスよく調和しています。 【807シリーズ】 お米をあまり磨かず大地のエネルギーを発酵に活かし豊かな複雑味を最大化したシリーズ。 購入ページへ（外部サイト） その他商品一覧 風の森（KAZE NO MORI） 風の森 ALPHA1 DRY 次章への鍵 720ml ¥ 1,496 (税込) 風の森（KAZE NO MORI） 能登の酒を止めるな！奥能登の白菊 2本セット 720ml ¥ 6,600 (税込) 風の森（KAZE NO MORI） 風の森 山田錦 807 生酒 720ml ¥ 1,496 (税込) 風の森（KAZE NO MORI） 風の森 秋津穂 657 生酒 720ml ¥ 1,397 (税込) 風の森（KAZE NO MORI） 風の森 秋津穂 507 生酒 720ml ¥ 1,798 (税込) 飲める・買えるお店 該当するリストがありません</p>","https://storage.googleapis.com/studio-cms-assets/projects/YPqrD0nkW5/s-500x500_webp_8038a5e3-2e43-400b-ad68-85dbc5606ca3.jpg","https://a.r10.to/hkohk0","tsnyicmk"
"fssfecfa","風の森 秋津穂 657 生酒","Unknown",,"1397","<p>商品詳細 風の森にとって醸造適性に優れた秋津穂は全量が地元の契約栽培米です。 秋津穂純米は風の森のスタンダード。 穏やかな白いブドウや青い果実を思わせる香り。 口に含むと発酵時の炭酸ガスを感じるときは爽やかに、落ち着いたのちは密度の高まった甘味うま味と酸味や渋みのボリューム感あるバランスが特徴。 1998年、風の森始動。全ては風の森峠の秋津穂米から始まった。風土を醸す。風の森の代表酒。 購入ページへ（外部サイト） その他商品一覧 風の森（KAZE NO MORI） 風の森 ALPHA1 DRY 次章への鍵 720ml ¥ 1,496 (税込) 風の森（KAZE NO MORI） 能登の酒を止めるな！奥能登の白菊 2本セット 720ml ¥ 6,600 (税込) 風の森（KAZE NO MORI） 風の森 山田錦 807 生酒 720ml ¥ 1,496 (税込) 風の森（KAZE NO MORI） 風の森 秋津穂 657 生酒 720ml ¥ 1,397 (税込) 風の森（KAZE NO MORI） 風の森 秋津穂 507 生酒 720ml ¥ 1,798 (税込) 飲める・買えるお店 該当するリストがありません</p>","https://storage.googleapis.com/studio-cms-assets/projects/YPqrD0nkW5/s-500x500_webp_f1ed729e-8171-486c-8c12-55a7324518ee.jpg","https://a.r10.to/hNCjTt","fssfecfa"
"_86qw4gx","風の森 秋津穂 507 生酒","Unknown",,"1798","<p>商品詳細 地元の契約栽培米、秋津穂を全量使用。 口中に含むと、洋梨のような爽やかな香り。無濾過無加水ならではの膨らみある味わいとキレの良さをバランスよくお楽しみいただけます。 【507シリーズ】 お米をたくさん磨いてデリケートに発酵を進め、滑らかな質感、豊かな果実味を最大化したシリーズ。 購入ページへ（外部サイト） その他商品一覧 風の森（KAZE NO MORI） 風の森 ALPHA1 DRY 次章への鍵 720ml ¥ 1,496 (税込) 風の森（KAZE NO MORI） 能登の酒を止めるな！奥能登の白菊 2本セット 720ml ¥ 6,600 (税込) 風の森（KAZE NO MORI） 風の森 山田錦 807 生酒 720ml ¥ 1,496 (税込) 風の森（KAZE NO MORI） 風の森 秋津穂 657 生酒 720ml ¥ 1,397 (税込) 風の森（KAZE NO MORI） 風の森 秋津穂 507 生酒 720ml ¥ 1,798 (税込) 飲める・買えるお店</p>","https://storage.googleapis.com/studio-cms-assets/projects/YPqrD0nkW5/s-400x400_webp_0ce8cc76-c014-4167-8360-c4be46f4f592.jpg","https://a.r10.to/hkdUHV","_86qw4gx"
"ippwzsxx","稲里 純米 山田錦","Unknown",,"2640","<p>商品詳細 日本食、特に鮨や会席料理等、淡く繊細な味わいが時間をかけて少しずつ、代わる代わる出てくる料理を美味しく食べることを目的としました。スペック的には純米大吟醸なのですが、料理を邪魔しないよう香りを控えめに醸造、料理の余韻を膨らませる優しくまあるい旨味と、シャープにスッと消える後味のキレの両立を追求。インパクトは弱いかもしれませんが、だからこそ良い仕事をする脇役に徹する実力派です。 購入ページへ（外部サイト） その他商品一覧 稲里（INASATO） 稲里 純米大吟醸 日々是好日 720ml ¥ 3,960 (税込) 稲里（INASATO） 稲里 純米吟醸 720ml ¥ 1,870 (税込) 稲里（INASATO） 稲里 搾りたて 生 大吟醸 720ml ¥ 2,420 (税込) 稲里（INASATO） 稲里 純米 山田錦 720ml ¥ 2,640 (税込) 飲める・買えるお店 該当するリストがありません</p>","https://storage.googleapis.com/studio-cms-assets/projects/YPqrD0nkW5/s-400x600_v-fs_webp_55d14853-3ca7-474b-9402-cfd89fe8d4d8.jpg","https://a.r10.to/h5H5wk","ippwzsxx"
"n0n-ap5h","【ふるさと納税】花の井 大吟醸 720ml","Unknown",,"5000","<p>商品詳細 1782年創業の老舗酒蔵が贈るプレミアム日本酒。 酒米の最高峰「山田錦」を磨いて中心部分のみを贅沢に使用した大吟醸酒です。 蔵の片隅にある深井戸から汲み上げた筑波山水系伏流水を用い、代々伝わる伝統の技法により仕込みました。 キリッと冷やして、フルーティな香りとキレの良い後味をお楽しみください。 購入ページへ（外部サイト） その他商品一覧 飲める・買えるお店</p>","https://storage.googleapis.com/studio-cms-assets/projects/YPqrD0nkW5/s-600x600_4484103f-002b-4d9d-a21c-7e00d1548751.webp","https://a.r10.to/hNSXDN","n0n-ap5h"
"iejbrkba","菊盛 純米酒","Unknown",,"1001","<p>商品詳細 お米の旨みを引き出した純米酒。すっきりとクセがなく、色んなお料理に合わせられます。旬の味覚とあわせてお楽しみください。冷でも燗でも、美味しく召し上がっていただけます。 購入ページへ（外部サイト） その他商品一覧 菊盛（KIKUSAKARI） スパークリング清酒　淡雫 300ml ¥ 539 (税込) 菊盛（KIKUSAKARI） 菊盛 純米酒 720ml ¥ 1,001 (税込) 菊盛（KIKUSAKARI） 菊盛 山廃原酒 720ml ¥ 1,782 (税込) 菊盛（KIKUSAKARI） 菊盛 純米吟醸 720ml ¥ 2,662 (税込) 飲める・買えるお店 該当するリストがありません</p>","https://storage.googleapis.com/studio-cms-assets/projects/YPqrD0nkW5/s-800x800_v-fs_webp_e425698d-72c3-4ad9-8fb3-ce151bd919ab.jpg","https://a.r10.to/h58Ing","iejbrkba"
"4nyydupa","菊盛 山廃原酒","Unknown",,"1782","<p>商品詳細 古来より伝わる山廃仕込の純米酒。一年以上も酒蔵の中でじっくりと熟成させました。お米の旨みをじっくりと引き出した芳醇な味わいが特徴です。 購入ページへ（外部サイト） その他商品一覧 菊盛（KIKUSAKARI） スパークリング清酒　淡雫 300ml ¥ 539 (税込) 菊盛（KIKUSAKARI） 菊盛 純米酒 720ml ¥ 1,001 (税込) 菊盛（KIKUSAKARI） 菊盛 山廃原酒 720ml ¥ 1,782 (税込) 菊盛（KIKUSAKARI） 菊盛 純米吟醸 720ml ¥ 2,662 (税込) 飲める・買えるお店 該当するリストがありません</p>","https://storage.googleapis.com/studio-cms-assets/projects/YPqrD0nkW5/s-800x800_v-fs_webp_94ad86cd-95ec-4520-b9dd-ed39713eee0e.jpg","https://a.r10.to/hUeKiv","4nyydupa"
"qhmsre16","菊盛 純米吟醸","Unknown",,"2662","<p>商品詳細 米の旨みが伝わる芳醇な味わいの純米吟醸酒 兵庫県産山田錦を半分以下まで精米し、極寒の中、杜氏たちが精魂込めて仕込みました。 純米酒の持つ芳醇な味わい、吟醸酒の持つ爽やかな香りをお楽しみください。 購入ページへ（外部サイト） その他商品一覧 菊盛（KIKUSAKARI） スパークリング清酒　淡雫 300ml ¥ 539 (税込) 菊盛（KIKUSAKARI） 菊盛 純米酒 720ml ¥ 1,001 (税込) 菊盛（KIKUSAKARI） 菊盛 山廃原酒 720ml ¥ 1,782 (税込) 菊盛（KIKUSAKARI） 菊盛 純米吟醸 720ml ¥ 2,662 (税込) 飲める・買えるお店 該当するリストがありません</p>","https://storage.googleapis.com/studio-cms-assets/projects/YPqrD0nkW5/s-800x800_v-fs_webp_c30e4b0e-95b6-4066-b8d0-1bb3a39ea450.jpg","https://a.r10.to/hk4q5x","qhmsre16"
"jij0xnom","花の井 特別純米酒 泥棒猫ラベル","Unknown",,"4180","<p>花の井の「 特別純米酒 泥棒猫ラベル 1.8L」です。桜川市産こしひかり(60％精白)で作りました。揚げ物や中華料理、ポテトチップスなどのスナック類にもよくあいます。常温またはお燗（熱めがおすすめです）で、また燗ざまし（一度お燗して常温に冷えたもの）もおすすめです。お食事と共に食中酒として花の井の日本酒をどうぞお楽しみください。（アルコール度数15度）<br>【名称】日本酒<br>【数量・内容】1.8L<br>【原材料】米(国産)、米麹(国産米)</p>","https://storage.googleapis.com/studio-cms-assets/projects/YPqrD0nkW5/s-600x600_58804a0b-9165-4bb1-ae6d-926d5cb69a1e.webp","https://a.r10.to/hgIhe9","jij0xnom"
"ksl8wh78","花の井 熟成純米酒　猪ラベル","Unknown",,"4180","<p>花の井の「花の井 純米酒 猪ラベル」です。茨城県産日本晴(70％精白)を使用し、ほどよい酸味と旨味がのった辛口純米酒です。1年以上熟成させてあり、食中酒としてお燗でお楽しみいただけます。（アルコール度数15％）<br>【名称】日本酒<br>【数量・内容】1.8L<br>【原材料】米(国産)、米麹(国産米)</p>","https://storage.googleapis.com/studio-cms-assets/projects/YPqrD0nkW5/s-600x600_383d209d-8c0a-442e-a151-cd110ce239bb.webp","https://a.r10.to/hgIh1T","ksl8wh78"
"s_9ixufo","花の井 純米吟醸酒 蛙ラベル","Unknown",,"1980","<p>商品詳細 花の井 熟成純米酒 鳥獣戯画ラベルシリーズの純米吟醸酒です。 茨城県オリジナルの酒米「ひたち錦」を使用し、1年以上熟成させた、お燗でお楽しみ頂きたい食中酒仕様の純米吟醸酒です。 煮物や鍋物に最適です。 常温またはお燗（熱めがおすすめです）でお楽しみください。 購入ページへ（外部サイト） その他商品一覧 花の井（HANANOI） 【ふるさと納税】花の井 大吟醸 720ml... 720ml ¥ 通常単価5,000 (税込) 花の井（HANANOI） 花の井 特別純米酒 泥棒猫ラベル 720ml ¥ 1,650 (税込) 花の井（HANANOI） 花の井 熟成純米酒　猪ラベル 720ml ¥ 1,430 (税込) 花の井（HANANOI） 花の井 純米吟醸酒 蛙ラベル 720ml ¥ 1,980 (税込) 花の井（HANANOI） 花の井 純米大吟醸酒 うさぎラベル 720ml ¥ 2,200 (税込) 飲める・買えるお店 該当するリストがありません</p>","https://storage.googleapis.com/studio-cms-assets/projects/YPqrD0nkW5/s-600x600_17aaeed0-be2e-43cf-93fd-5d35db528f64.webp","https://a.r10.to/hg1nys","s_9ixufo"
"cxatarcy","花の井 純米大吟醸酒 うさぎラベル","Unknown",,"2200","<p>商品詳細 花の井 熟成純米酒 鳥獣戯画ラベルシリーズの純米大吟醸酒です。 「茨城県立 真壁高等学校 農業科」産 「山田錦」を使用し、1年以上熟成させました。 お燗も楽しめる、食中酒仕様の純米大吟醸酒です。 焼き鳥（塩）、ソーセージなどの燻製に最適です。 常温またはお燗（やや熱めがおすすめです）でお楽しみください。 購入ページへ（外部サイト） その他商品一覧 花の井（HANANOI） 【ふるさと納税】花の井 大吟醸 720ml... 720ml ¥ 通常単価5,000 (税込) 花の井（HANANOI） 花の井 特別純米酒 泥棒猫ラベル 720ml ¥ 1,650 (税込) 花の井（HANANOI） 花の井 熟成純米酒　猪ラベル 720ml ¥ 1,430 (税込) 花の井（HANANOI） 花の井 純米吟醸酒 蛙ラベル 720ml ¥ 1,980 (税込) 花の井（HANANOI） 花の井 純米大吟醸酒 うさぎラベル 720ml ¥ 2,200 (税込) 飲める・買えるお店 該当するリストがありません</p>","https://storage.googleapis.com/studio-cms-assets/projects/YPqrD0nkW5/s-600x600_2074a3f9-b6a8-41b1-8de3-483b07ebb648.webp","https://a.r10.to/hPXPEE","cxatarcy"
"plz1cg6w","真向勝負 純米吟醸 無濾過","Unknown",,"1870","<p>商品詳細 茨城県筑波山麓の東京農大「花酵母研究会」会員蔵である来福酒造。 品質にこだわりをもつ蔵元が、値段や銘柄でなく品質で勝負したいという願いを込めて造られた日本酒です！ほのかな吟香と、綺麗でスッキリとした味わい。 キレもよく、後味さわやかな純米吟醸酒です。 購入ページへ（外部サイト） その他商品一覧 来福（RAIFUKU） 来福 らいふく 純米吟醸 夏麗 KAREI 720ml ¥ 1,870 (税込) 来福（RAIFUKU） 来福　純米吟醸　いちごの花酵母 720ml ¥ 1,650 (税込) 【ふるさと納税】No.084 日本酒アイス　秀... ml ¥ 13,000 (税込) 来福（RAIFUKU） 来福　純米吟醸　安康（あんこう） 720ml ¥ 1,815 (税込) 来福（RAIFUKU） 来福（らいふく）Coming Happines... 1800ml ¥ 3,190 (税込) 飲める・買えるお店 該当するリストがありません</p>","https://storage.googleapis.com/studio-cms-assets/projects/YPqrD0nkW5/s-1000x1000_v-fs_webp_6852406a-d46a-4071-a8ea-e10958ee3b93.png","https://a.r10.to/hki9EV","plz1cg6w"
"w3sqcyyv","来福 純米酒 春陽","Unknown",,"1595","<p>商品詳細 原料米の「春陽」はグリセリン、アミノ酸が少なく低精白でもすっきりとした透明感のある味わいが出しやすいそうです。 また、近年「第三の香り」と言われる4MMPの香りを感じ、ライチや白ワイン品種のブドウ「ソーヴィニヨンブラン」の香りと味わいが特徴的に出ています。 春陽ならではの味わいを是非お楽しみください。 購入ページへ（外部サイト） その他商品一覧 来福（RAIFUKU） 来福 らいふく 純米吟醸 夏麗 KAREI 720ml ¥ 1,870 (税込) 来福（RAIFUKU） 来福　純米吟醸　いちごの花酵母 720ml ¥ 1,650 (税込) 【ふるさと納税】No.084 日本酒アイス　秀... ml ¥ 13,000 (税込) 来福（RAIFUKU） 来福　純米吟醸　安康（あんこう） 720ml ¥ 1,815 (税込) 来福（RAIFUKU） 来福（らいふく）Coming Happines... 1800ml ¥ 3,190 (税込) 飲める・買えるお店 該当するリストがありません</p>","https://storage.googleapis.com/studio-cms-assets/projects/YPqrD0nkW5/s-800x800_v-fs_webp_c98b21ca-f2ba-4a05-bc81-67cd51bcec4e.jpg","https://www.isego.shop/shopdetail/000000005577/ct185/page1/order/","w3sqcyyv"
"49xw6nsn","あべ REGULUS 火入 2023","阿部酒造株式会社（あべ / VEGA）","あべ / VEGA","2310","<p>商品詳細 新潟県阿部酒造によるクエン酸を豊富に引き出した酸味のすがすがしい味わいが心地よい、2023年産のお米を使用して仕込まれた「REGULUS 火入 2023」の「Vol.1-1」です。軽快で透明感のある甘みに柑橘系の果実のようなみずみずしい酸味が調和したすがすがしい味わいをお楽しみいただける逸品です。 購入ページへ（外部サイト） その他商品一覧 あべ（ABE） あべ＋（プラス） 720ml ¥ 2,420 (税込) あべ（ABE） あべ REGULUS 火入 2023 720ml ¥ 2,310 (税込) あべ（ABE） あべ 俺たちの酒 春陽スパークリング 500ml ¥ 2,273 (税込) あべ（ABE） あべ 純米 夏酒 生詰 720ml ml ¥ 2,420 (税込) 飲める・買えるお店</p>","https://storage.googleapis.com/studio-cms-assets/projects/YPqrD0nkW5/s-765x900_v-fs_webp_450c4979-1b42-476f-8e39-a74ba7d0d2f1.jpg","https://a.r10.to/hkaBzE","49xw6nsn"
"vgrpt-q8","八海山 唎酒 ハルジオン","八海醸造株式会社（八海山）","八海山","3500","<p>八海山が八海山を名乗らないシリーズのお酒を特別にご用意しています。<br>八海山は食事の邪魔をしない脇役としてよい役割をする食中酒をコンセプトに醸しています。<br>しかし、この「唎酒 ハルジオン」は蔵人の技術向上や、世界のテーブルでも「sake」の役割を果たすべく、<br>キレイな酸味と旨味を表現した洋食などの席にも対応する隠れた商品です。<br><br>地元南魚沼の野原に普通に生えている雑草のハルジオンをラベルに描いています。<br>何事も見方によっては素晴らしいものに見える、お酒も八海山らしくない味ではありますが、流石八海山といえる<br>繊細なキレイな酸を表現しています。<br>あらゆるお食事とともにお召し上がりいただいたり、ワイングラスでゆたりと味わったりと楽しめる上質なお酒です。</p>","https://storage.googleapis.com/studio-cms-assets/projects/YPqrD0nkW5/s-800x800_v-fs_webp_e5b63a87-d976-442c-ba3b-c741d967f867.jpg","https://hb.afl.rakuten.co.jp/ichiba/52dda9c2.d925d387.52dda9c3.969b1c30/?pc=https%3A%2F%2Fitem.rakuten.co.jp%2Ff152269-minamiuonuma%2Fdz137%2F&link_type=hybrid_url&ut=eyJwYWdlIjoiaXRlbSIsInR5cGUiOiJoeWJyaWRfdXJsIiwic2l6ZSI6IjEwMHgxMDAiLCJuYW0iOjEsIm5hbXAiOiJyaWdodCIsImNvbSI6MSwiY29tcCI6ImRvd24iLCJwcmljZSI6MSwiYm9yIjoxLCJjb2wiOjEsImJidG4iOjEsInByb2QiOjAsImFtcCI6ZmFsc2V9","vgrpt-q8"
"yzerkrjg","加茂錦 荷札酒（にふだざけ）黄水仙 純米大吟醸","Unknown",,"1980","<p>商品詳細 可能な限りフレッシュな状態なのが「黄水仙」。口当たりは軽快でもきちんと果実の風味があり、スーッと抜けます。商品名の通り『水仙』のような可憐な味わいです。アルコール度数は13度なのに薄く感じさせないマジックぶりはまさに田中マジック！？ 購入ページへ（外部サイト） その他商品一覧 荷札酒（加茂錦）/ NIFUDAZAKE 加茂錦 荷札酒 月白 純米大吟醸　山田錦　しぼ... 720ml ¥ 2,280 (税込) 荷札酒（加茂錦）/ NIFUDAZAKE 加茂錦 荷札酒（にふだざけ）黄水仙 純米大吟醸 720ml ¥ 1,980 (税込) 荷札酒（加茂錦）/ NIFUDAZAKE 加茂錦　荷札酒　月白　純米大吟醸　仲汲み 720ml ¥ 2,280 (税込) 飲める・買えるお店</p>","https://storage.googleapis.com/studio-cms-assets/projects/YPqrD0nkW5/s-400x400_webp_f3f7acae-aa99-4ae7-a3d4-0ca172ecdbe8.jpg","https://a.r10.to/hFb2uX","yzerkrjg"
"ny8jy7ug","加茂錦　荷札酒　月白　純米大吟醸　仲汲み","Unknown",,"2280","<p>商品詳細 加茂錦の若き杜氏、田中悠一氏の醸す加茂錦　荷札酒シリーズ。 この月白は加茂錦流の「淡麗辛口酒」。山田錦を40％まで磨いた綺麗な酒質。 日本酒度＋8（甘辛度の指標・比重）。当蔵流のシンプルな淡麗酒を鮮度味とともにお楽しみいただければ幸いです。冷蔵保管での年単位の熟成にも適しています。 購入ページへ（外部サイト） その他商品一覧 荷札酒（加茂錦）/ NIFUDAZAKE 加茂錦 荷札酒 月白 純米大吟醸　山田錦　しぼ... 720ml ¥ 2,280 (税込) 荷札酒（加茂錦）/ NIFUDAZAKE 加茂錦 荷札酒（にふだざけ）黄水仙 純米大吟醸 720ml ¥ 1,980 (税込) 荷札酒（加茂錦）/ NIFUDAZAKE 加茂錦　荷札酒　月白　純米大吟醸　仲汲み 720ml ¥ 2,280 (税込) 飲める・買えるお店</p>","https://storage.googleapis.com/studio-cms-assets/projects/YPqrD0nkW5/s-400x400_webp_72d89be2-f3d1-41fd-8064-9a341e69b883.jpg","https://a.r10.to/hk7LIP","ny8jy7ug"
"2u5ixnzu","徳正宗 大吟醸","Unknown",,"3080","<p>商品詳細 Kura Master PARIS 2024金賞受賞 ワイングラスでおいしい日本酒アワード2023「最高金賞」受賞 第103回(令和3酒造年度) 南部杜氏自醸清酒鑑評会吟醸酒の部　2年連続優等賞受賞などなど...数々の品評会での受賞歴！ 厳寒の仕込み時期に熟練の杜氏が精魂込めて造り上げた当社自信の１本です。 上品な香りとなめらかな口あたりをお楽しみ下さい。 購入ページへ（外部サイト） その他商品一覧 飲める・買えるお店 該当するリストがありません</p>","https://storage.googleapis.com/studio-cms-assets/projects/YPqrD0nkW5/s-600x600_v-fs_webp_c37d924c-b017-4971-abe0-d9bd15d79290.jpg","https://a.r10.to/hYeVOt","2u5ixnzu"
"oasigv2t","真上 特別純米酒","Unknown",,"1595","<p>商品詳細 口に含むと、メロンのような穏やかな果実香が鼻を抜けてから、爽やかな熟れた葡萄の香りが口に広がります。口当たりは軽やかながらも、喉越しにしっかりした甘み、すっきりしたキレのある酸味と渋味を感じることができます。 購入ページへ（外部サイト） その他商品一覧 飲める・買えるお店 該当するリストがありません</p>","https://storage.googleapis.com/studio-cms-assets/projects/YPqrD0nkW5/s-1600x1600_v-fms_webp_30310794-0513-41e1-88ef-6e03fa07039b.png","https://item.rakuten.co.jp/kuranosuke/1589/","oasigv2t"
"ur16akts","真上 純米酒 Regular","Unknown",,"1489","<p>商品詳細 香りは控えめで、レーズンやドライフルーツなどの甘いエステルを穏やかに感じる。口に含むと、ほのかにメロンを思わせる優しい甘味と含み香。果皮を思わせる凛とした渋味と苦味、サワークリームのような厚みのある酸味が面白い。燗にすると酸味が広がって、より食中酒向きに。 購入ページへ（外部サイト） その他商品一覧 真上（SHINJO） 真上 特別純米酒 720ml ¥ 1,595 (税込) 真上（SHINJO） 真上 純米酒 Regular 720ml ¥ 1,489 (税込) 飲める・買えるお店 該当するリストがありません</p>","https://storage.googleapis.com/studio-cms-assets/projects/YPqrD0nkW5/s-1600x1600_v-fms_webp_02111caa-d18f-4732-8b8b-3d7d4c95b798.png","https://item.rakuten.co.jp/kuranosuke/1610/","ur16akts"
"my5p6z4d","蓬莱泉 純米大吟醸 美","Unknown",,"3190","<p>商品詳細 やや甘口の飲み口が女性にも好評。華やかな香りが楽しめる純米大吟醸酒。 冷蔵庫で軽く冷やし、さっぱりとした肴と一緒にどうぞ。 購入ページへ（外部サイト） その他商品一覧 飲める・買えるお店 該当するリストがありません</p>","https://storage.googleapis.com/studio-cms-assets/projects/YPqrD0nkW5/s-800x800_v-fs_webp_afc0b03a-7153-4218-a432-ed4a32493df4.jpg","https://a.r10.to/h5gKbE","my5p6z4d"
"lsq61q5i","蓬莱泉 HOURAISEN スパークリング","Unknown",,"1870","<p>商品詳細 スッキリした口当たりでクリーミーな泡が楽しめる発泡性の日本酒です。 乾杯や食前酒としておすすめです。 購入ページへ（外部サイト） その他商品一覧 蓬莱泉（HORAISEN） 蓬莱泉 純米大吟醸 美 720ml ¥ 3,190 (税込) 蓬莱泉（HORAISEN） 蓬莱泉 純米大吟醸 ひやおろし【蔵元限定酒】 720ml ¥ 3,410 (税込) 蓬莱泉（HORAISEN） 蓬莱泉 HOURAISEN スパークリング 360ml ¥ 1,870 (税込) 飲める・買えるお店 該当するリストがありません</p>","https://storage.googleapis.com/studio-cms-assets/projects/YPqrD0nkW5/s-800x800_v-fs_webp_3e44f736-c8d4-423f-ad99-71002f431f35.jpg","https://a.r10.to/hFCL5Q","lsq61q5i"
"k93jamcf","雨後の月　大吟醸　月光","Unknown",,"3080","<p>商品詳細 山田錦を40％まで磨き、醸し上げた「雨後の月 大吟醸 月光」。 その商品名の通りの暗闇に光る三日月の如く、シャープで綺麗な大吟醸酒に仕上がっております。 上品で華やかな吟醸香、優しくふっくらと広がる旨みがあり、雑味の無い程よい酸味が味をまとめ、芳醇な味わいの中に繊細で透明感ある綺麗なキレをを感じさせてくれます。 購入ページへ（外部サイト） その他商品一覧 UGO（ユージーオー） UGO（ユージーオー） JUBAR(ジュバール... 720ml ¥ 1,870 (税込) UGO（ユージーオー） UGO（ユージーオー） HESPERIA（ヘス... 720ml ¥ 1,870 (税込) 雨後の月（UGONOTSUKI） 雨後の月　大吟醸　月光 720ml ¥ 3,080 (税込) 飲める・買えるお店 該当するリストがありません</p>","https://storage.googleapis.com/studio-cms-assets/projects/YPqrD0nkW5/s-900x900_v-fs_webp_b5ea2df0-d35a-4da2-8f66-79408c5bef19.jpg","https://a.r10.to/hNHUjQ","k93jamcf"
"inamura_tokubetsujunmai","稲村屋 特別純米酒","Unknown",,"2950","<p>商品詳細 青森県産「華吹雪」「まっしぐら」を使用。辛口で米の旨みを出した味わい。 購入ページへ（外部サイト） その他商品一覧 稲村屋（INAMURAYA） 稲村屋 純米吟醸55 720ml ¥ 1,815 (税込) 稲村屋（INAMURAYA） 稲村屋 特別純米酒 1800ml ¥ 2,950 (税込) 飲める・買えるお店 該当するリストがありません</p>","https://storage.googleapis.com/studio-cms-assets/projects/YPqrD0nkW5/s-2000x2000_v-frms_webp_8e896d95-a592-4e65-8b17-e441dba8acf5.png","https://a.r10.to/hNBEEa","inamura_tokubetsujunmai"
"pdsvefaj","羽根屋 純米吟醸 ひやおろし","Unknown",,"1788","<p>商品詳細 ふくよかで透明感のある米の旨みが、綺麗な酸でふちどられてフェードアウト。 穏やかで落ち着いた香り、風格ある味わいの羽根屋 純米吟醸ひやおろし。 旬の味覚に寄り添う味わいです。 購入ページへ（外部サイト） その他商品一覧 羽根屋（HANEYA） 羽根屋 純米大吟醸50 翼 生 720ml ¥ 2,145 (税込) 羽根屋（HANEYA） 羽根屋 純米吟醸 ひやおろし 720ml ¥ 1,788 (税込) 飲める・買えるお店</p>","https://storage.googleapis.com/studio-cms-assets/projects/YPqrD0nkW5/s-350x350_webp_bfc0337a-999f-45c6-b527-74318a47ab8d.jpg","https://a.r10.to/TcFHXW","pdsvefaj"
"nx5hbibs","稲とアガベ　花風","Unknown",,"2310","<p>商品詳細 「クラフトサケ　稲とアガベ」より、飲食店向けのメニューを考慮した720mlの普及価格「ホップ酒」が新たなブランドとしてリリースされました。 その名も「RICE&amp;HOP交酒　花風（はなかぜ）」です。 RICE&amp;HOP交酒（ホップ酒）とは、いわばクラフトビールの香りを日本酒に取り入れたお酒です。 採用されたホップは、白ワインの有名な品種「ソービニヨンブラン」に特徴的な香りを持つ人気のホップを中心に使用しており、そのフルーティーな特性はまるで万華鏡のような香り世界を表現しています。 今回は、強烈な香りを放つホップに合わせ、「うすにごり」の状態でお米の甘みを引き立て、香りと日本酒の甘みが絶妙に調和し、新しいスタイルの吟醸酒として、さらに進化した香りを持つ新世代の酒と感じられます。 購入ページへ（外部サイト） その他商品一覧 飲める・買えるお店</p>","https://storage.googleapis.com/studio-cms-assets/projects/YPqrD0nkW5/s-225x225_webp_f514a6c1-c326-403d-acda-bf489d8d4bcf.jpg","https://www.syusendo-horiichi.co.jp/SHOP/20088.html","nx5hbibs"
"st4dhc6f","純米吟醸 萌（めぐみ）","Unknown",,"1600","<p>商品詳細 井口の椿の花の酵母と、南砺市内でとれたての米を使用して醸造した純米吟醸酒です。 甘味と酸の心地よいバランスと、花酵母特有の香りを楽しめるお酒ですので、 女性やお酒の弱い方にもお勧めできます。 購入ページへ（外部サイト） その他商品一覧 飲める・買えるお店 該当するリストがありません</p>","https://storage.googleapis.com/studio-cms-assets/projects/YPqrD0nkW5/s-1238x1240_v-fms_webp_67f97481-8c6e-4139-b6b9-cfa0c69dae69.png","https://www.hyakuyoko.com/shopdetail/199001000001/","st4dhc6f"
"ictybz7e","風の里 純米吟醸酒","Unknown",,"1870","<p>商品詳細 のどごしの良い柔らかな口当たりで、口の中に広がる豊かな吟醸香が楽しめます。食中酒としての完成度が高く、刺身や寿司、天ぷらなどの和食はもちろん、カルパッチョやアクアパッツァなどの洋食にもよく合います。 購入ページへ（外部サイト） その他商品一覧 飲める・買えるお店 該当するリストがありません</p>","https://storage.googleapis.com/studio-cms-assets/projects/YPqrD0nkW5/s-300x300_webp_e3c1735d-01c5-486d-b843-419d7b5d9026.jpg","https://item.rakuten.co.jp/ehimekatayama/wjksak56/","ictybz7e"
"jeyhymkm","風の里「和」-wa- 純米吟醸酒","Unknown",,"1870","<p>商品詳細 風の里「和」 - wa - は、さくらひめ酵母「Type2 Clear」を使用し、愛媛県初の酒造好適米“しずく媛”を精米歩合50％まで磨いた純米吟醸酒。 さくらひめの香りがほのかに広がる、すっきりとした口あたりで、刺身や焼き魚、ポワレ、カルパッチョなど、和食からフレンチまでジャンルを問わず幅広い料理に寄り添い、その食材本来の美味しさを際立たせます。 購入ページへ（外部サイト） その他商品一覧 風の里（KAZENOSATO） 風の里 純米吟醸酒 ml ¥ 1,870 (税込) 和（WA） 風の里「和」-wa- 純米吟醸酒 ml ¥ 1,870 (税込) 飲める・買えるお店 該当するリストがありません</p>","https://storage.googleapis.com/studio-cms-assets/projects/YPqrD0nkW5/s-920x920_v-fs_webp_5c274dc2-1b76-406d-bcb1-5e41bb5241e3.jpg","https://item.rakuten.co.jp/ehimekatayama/wjksak329/","jeyhymkm"
"kc7wbtet","玉川　純米大吟醸","Unknown",,"5500","<p>商品詳細 近年、派手な香りを手軽に出すことのできる酵母が開発され、香りの高い酒が一つの流行になっています。 この純米大吟醸は、最高級の酒米、山田錦を40％まで磨いた、当蔵で最も原料費の高い商品です。 その最高クラスの商品を、香り高い酒がトレンドのこの時代、あえて香りを抑え、米の風味の豊かさが伝わる酒に仕上げました。 玉川の吟醸全体の特徴は食事に合う「味吟醸」であること。大吟醸クラスも例外ではありません。控えめな香りと落ち着いた風味で、さまざまなタイプの食事の供として活躍してくれます。 上品な味わいに潜む純米酒ならではの凝縮された米の力強さ、奥深さをご堪能下さい。 購入ページへ（外部サイト） その他商品一覧 玉川（TAMAGAWA） 玉川 純米吟醸 Ice Breaker 無濾過... 500ml ¥ 1,430 (税込) 玉川（TAMAGAWA） 玉川　純米大吟醸 ml ¥ 5,500 (税込) 飲める・買えるお店 該当するリストがありません</p>","https://storage.googleapis.com/studio-cms-assets/projects/YPqrD0nkW5/s-1200x1198_v-fms_webp_a22a7cd4-8265-4b4a-87ef-909fd4b92bd5.png","https://amzn.to/4geVLfr","kc7wbtet"
"agxdjw1q","黄金澤 山廃純米酒 うすにごり生原酒","Unknown",,"3088","<p>商品詳細 淡雪のようなにごりを纏った、冬の限定酒。グレープフルーツのような味わいがぎゅっと広がり、きめ細かな余韻が心地良いお酒です。 原酒らしいジューシーな旨味がありながら、すっきりとした後味。 少し冷やして、または常温で、季節のお料理とご一緒にお楽しみください。 購入ページへ（外部サイト） その他商品一覧 飲める・買えるお店</p>","https://storage.googleapis.com/studio-cms-assets/projects/YPqrD0nkW5/s-1000x1000_v-fs_webp_3149a5d2-0576-4f76-951c-0e3278024cee.jpg","https://www.sake-kawashima-netshop.com/ca6/1288/","agxdjw1q"
"jbrviahq","黄金澤 純米吟醸","Unknown",,"2650","<p>商品詳細 洋梨やバナナを思わせる香りで、甘美な味わい。上質な酸味が味を引き締める、軽やかでバランスの良いお酒。 購入ページへ（外部サイト） その他商品一覧 黄金澤（KOGANESAWA） 黄金澤 山廃純米酒 うすにごり生原酒 ml ¥ 3,088 (税込) 黄金澤（KOGANESAWA） 黄金澤 純米吟醸 ml ¥ 2,650 (税込) 飲める・買えるお店 該当するリストがありません</p>","https://storage.googleapis.com/studio-cms-assets/projects/YPqrD0nkW5/s-1000x1000_v-fs_webp_02561bdc-2363-49f2-b065-e267102e3ecb.jpg","https://amzn.to/3XEhvtJ","jbrviahq"
"founz9kk","花華　純米酒","Unknown",,"1200","<p>商品詳細 はまなす花酵母のお酒 福司のオリジナル酵母で、北海道で初めての花から分離された酵母を使用。通常の酵母とは異なる酸味と味わいが特徴です。 購入ページへ（外部サイト） その他商品一覧 飲める・買えるお店 該当するリストがありません</p>","https://storage.googleapis.com/studio-cms-assets/projects/YPqrD0nkW5/s-720x720_14ee87c1-7ca1-484e-a548-3db71d96f99d.webp","https://item.rakuten.co.jp/946kitchen/10005315/","founz9kk"
"aieibp7x","福司　純米吟醸酒","福司酒造株式会社（福司）","福司","2400","<p>商品詳細 北海道産のお米を丁寧に醸した純米吟醸酒。福司らしい純米造りの優しい甘さと酸味、食事の邪魔にならない微かな吟醸香が特徴です。 購入ページへ（外部サイト） その他商品一覧 花華（HANAHANA） 花華　純米酒 ml ¥ 1,200 (税込) 福司（FUKUTSUKASA） 福司　純米吟醸酒 ml ¥ 2,400 (税込) 飲める・買えるお店 該当するリストがありません</p>","https://storage.googleapis.com/studio-cms-assets/projects/YPqrD0nkW5/s-288x288_webp_dfd55e30-5ccc-42a6-8abd-71a779b46119.jpg","https://item.rakuten.co.jp/946kitchen/10005209/","aieibp7x"
"rt3-t8jj","ハナグモリ","Unknown",,"2178","<p>商品詳細 優しい甘さとほのかな酸味。 日本酒と酒粕を合わせた美容健康効果が期待できるどぶろく。 ハナグモリは磨かないそのままのお米を使用しているため栄養価も抜群。 今までのどぶろくのイメージを一新する、東京発、新時代のどぶろくです。 購入ページへ（外部サイト） その他商品一覧 飲める・買えるお店 該当するリストがありません</p>","https://storage.googleapis.com/studio-cms-assets/projects/YPqrD0nkW5/s-800x800_v-fs_webp_506eb4d3-71d3-4c84-bb4e-4e860636d61c.jpg",,"rt3-t8jj"
"kkkvt4fg","ハナグモリ 〜 THE 酸","Unknown",,"2178","<p>商品詳細 鮮烈な酸と切れ味。 焼酎で使用される白麹使用することで、白麹由来のクエン酸の酸味を活かしたドライでシャープな味わいのどぶろくです。 炭酸水や炭酸のジュースで割って飲んでも美味しい一品です。 購入ページへ（外部サイト） その他商品一覧 ハナグモリ（HANAGUMORI） ハナグモリ ml ¥ 2,178 (税込) ハナグモリ（HANAGUMORI） ハナグモリ 〜 THE 酸 ml ¥ 2,178 (税込) 飲める・買えるお店 該当するリストがありません</p>","https://storage.googleapis.com/studio-cms-assets/projects/YPqrD0nkW5/s-800x800_v-fs_webp_0381e329-24f8-4f6f-976d-2ede869c971e.jpg","https://konohanano-brewery.shop/items/5faa1b71df51594ade1b3cfa","kkkvt4fg"
"buwaez79","酒屋八兵衛 朔旦 生酒","Unknown",,"2000","<p>商品詳細 「朔旦(さくたん)」とは、「ついたち」を意味する言葉。 50％精米した山田錦と伊勢錦を使用し、きょうかい9号酵母で醸されています。バランスの良い甘味と酸味を備えたモダンな吟醸酒のスタイルを目指しました。 伊勢では、毎月1日の朝に神宮を参拝する「朔詣(ついたちもうで)」という風習があるそう！ 2024年が明るい1年となるよう願いを込め、このお酒を酌み交わしてほしいという蔵元の思いが詰まった1本です。 購入ページへ（外部サイト） その他商品一覧 酒屋八兵衛（SAKAYAHACHIBEI） 酒屋八兵衛　Nero　生原酒　2024 1800ml ¥ 3,500 (税込) 酒屋八兵衛（SAKAYAHACHIBEI） 酒屋八兵衛 朔旦 生酒 ml ¥ 2,000 (税込) 酒屋八兵衛（SAKAYAHACHIBEI） 酒屋八兵衛 しぼりたて純米酒 ml ¥ 1,650 (税込) 飲める・買えるお店 該当するリストがありません</p>","https://storage.googleapis.com/studio-cms-assets/projects/YPqrD0nkW5/s-539x540_webp_dfc2a780-f762-43ac-88e4-897e18c9b1bf.jpg","https://imadeya.co.jp/products/8181950939301","buwaez79"
"vejwbapm","酒屋八兵衛 しぼりたて純米酒","Unknown",,"1650","<p>商品詳細 こちらは令和5BY搾りたての新酒です。五百万石だけで仕込むと苦い余韻や後味の重さを感じやすいため、これまでは甘味を主軸にする事で苦味をマスキングしていましたが、今季は甘味に偏重せずややドライな印象の酒質を目指したそう！ 購入ページへ（外部サイト） その他商品一覧 酒屋八兵衛（SAKAYAHACHIBEI） 酒屋八兵衛　Nero　生原酒　2024 1800ml ¥ 3,500 (税込) 酒屋八兵衛（SAKAYAHACHIBEI） 酒屋八兵衛 朔旦 生酒 ml ¥ 2,000 (税込) 酒屋八兵衛（SAKAYAHACHIBEI） 酒屋八兵衛 しぼりたて純米酒 ml ¥ 1,650 (税込) 飲める・買えるお店 該当するリストがありません</p>","https://storage.googleapis.com/studio-cms-assets/projects/YPqrD0nkW5/s-765x900_v-fs_webp_576adb1f-300d-4dfc-a928-37112badb807.jpg","https://imadeya.co.jp/products/8175823421605","vejwbapm"
"-rambrie","天領盃　純米吟醸 しぼりたて生原酒","Unknown",,"1650","<p>商品詳細 冬季限定の純米吟醸の生原酒となります。 しぼりたて後即瓶詰めを行うため、発酵由来の炭酸感があります。 また、空気に触れている時間が短いため開けたては少し硬い印象ですが、 ２日目３日目には大きく味わいが開いてきます！ 何日かに分けて味わいの変化をお楽しみください。 購入ページへ（外部サイト） その他商品一覧 雅楽代（UTASHIRO） 雅楽代（うたしろ）　雪下　生原酒　にごり 1800ml ¥ 3850 (税込) 雅楽代（UTASHIRO） 雅楽代 試験醸造1401 720ml ¥ 1,760 (税込) 天領盃（TENRYOHAI） 天領盃　純米吟醸 しぼりたて生原酒 ml ¥ 1,650 (税込) 雅楽代（UTASHIRO） 雅楽代 月華 火入（純米吟醸） ml ¥ 1,760 (税込) 飲める・買えるお店</p>","https://storage.googleapis.com/studio-cms-assets/projects/YPqrD0nkW5/s-1000x1000_v-fs_webp_f0769144-cf45-4183-9727-bb920d10d88a.png","https://tenryohai.co.jp/products/namagensyu","-rambrie"
"ljib1dj-","雅楽代 月華 火入（純米吟醸）","Unknown",,"1760","<p>商品詳細 雅楽代～月華～の火入れです。 より淡麗辛口な綺麗な酒質となっております。 月華は「月の光」という意味の大和言葉です。月の光のように綺麗で穏やかな凛としたお酒になりますように。そんな願いを込めて醸しました。 雅楽代シリーズの中核をなすお酒です。 上槽翌日瓶詰め→ -5度の冷蔵庫にて貯蔵のため、封開けは固めの印象ですが、開栓後に味わいが大きく開いてきます。 購入ページへ（外部サイト） その他商品一覧 雅楽代（UTASHIRO） 雅楽代（うたしろ）　雪下　生原酒　にごり 1800ml ¥ 3850 (税込) 雅楽代（UTASHIRO） 雅楽代 試験醸造1401 720ml ¥ 1,760 (税込) 天領盃（TENRYOHAI） 天領盃　純米吟醸 しぼりたて生原酒 ml ¥ 1,650 (税込) 雅楽代（UTASHIRO） 雅楽代 月華 火入（純米吟醸） ml ¥ 1,760 (税込) 飲める・買えるお店</p>","https://storage.googleapis.com/studio-cms-assets/projects/YPqrD0nkW5/s-350x350_webp_2204173e-e898-4ae0-bcd8-eb8bede8affb.jpg","https://item.rakuten.co.jp/meishu-honpo/21234/","ljib1dj-"
"7ioobfm_","翔空　森のSAKE　〜クロモジ澄み酒〜","LAGOON BREWERY（翔空）","翔空","2640","<p>商品詳細 森へ飛んでゆけるSAKEができました ●手つかずの自然が残る新潟・栃尾地区の森に入り、ゆっくり時をかけて育った「クロモジ」を採取。米とともにモロミの中で醸し、搾ってキレイに仕上げたお酒です ●キレイなパープル色になっています(クロモジに含まれるポリフェノールの色)。クロモジの魅力は何といっても香りですが、この色も魅力的 ●クロモジは日本固有の和ハーブとしてお茶や薬草に使われ、豊かな香りだけでなく健康機能性でも注目の貴重な森林資源です ●クロモジの香りは爽やかでフローラル。それはアロマテラピーでも人気の「リナロール」が主成分で、リラクゼーション効果があると言われています ●アフターテイストとして少し感じられるスパイシーさも良いアクセントに ●ドブロクと比べるとスッキリで、舌を包み込むようなとろみも感じます。洋酒感も増！ 購入ページへ（外部サイト） その他商品一覧 翔空（SHOKU） 翔空　HOP SAKE　ほっぺ 720ml ¥ 2,420 (税込) 翔空（SHOKU） 翔空　酔いどれイチゴ　槽絞り生 720ml ¥ 2,640 (税込) 翔空（SHOKU） 翔空（しょうくう） サンサン澄み酒 720ml ¥ 2,860 (税込) 翔空（SHOKU） 翔空 酔いどれイチゴ 720ml ¥ 2,640 (税込) 翔空（SHOKU） 翔空　森のSAKE　〜クロモジ澄み酒〜 720ml ¥ 2,640 (税込) 飲める・買えるお店</p>","https://storage.googleapis.com/studio-cms-assets/projects/YPqrD0nkW5/s-1280x1280_v-fms_webp_a356c4a4-9979-4716-8ee9-b0c5a35caf8d.jpg","https://lagoonbrew.official.ec/items/74756117","7ioobfm_"
"58krfsqq","北の錦 特別純米  ～暖簾ラベル～","小林酒造株式会社（北の錦）","北の錦","1628","<p>商品詳細 爽やかなブドウを思わせる香り。 軽快な口当たり・キレの良いお酒です。 辛口で、ほのかな苦みがお料理をきりっと引き立たせる、 飲み飽きない、食中に最適なお酒です。 購入ページへ（外部サイト） その他商品一覧 飲める・買えるお店 該当するリストがありません</p>","https://storage.googleapis.com/studio-cms-assets/projects/YPqrD0nkW5/s-1280x1280_v-fms_webp_f020cb13-1d03-4285-8e0e-c753d60d9862.jpg","https://kitanonishik.official.ec/items/13426591","58krfsqq"
"vyoy3qzz","純米大吟醸酒 BANG","Unknown",,"3950","<p>商品詳細 上品で落ち着いた吟醸香に華やかでキレのある味わい 淡く香りたつ上品な吟醸香が一見控えめな印象を与える香り。 しかし、口に含むと丸みがありながらも疾走感のある華やかな味わいが口の中を突き抜ける。 鋭くキレるあと味が流星のように消えてなくなる。 BANGという名前を冠するにふさわしい味わいのお酒です。 「IWC(インターナショナル・ワイン・チャレンジ)2023 」 SAKE部門 純米大吟醸酒の部にて『Commended』を受賞！ 購入ページへ（外部サイト） その他商品一覧 飲める・買えるお店 該当するリストがありません</p>","https://storage.googleapis.com/studio-cms-assets/projects/YPqrD0nkW5/s-920x920_v-fs_webp_f72a0d9e-679b-466b-a222-8728d32cddae.jpg","https://banshoyoshidaya.stores.jp/items/6482b9c8a07891002e09f3d0","vyoy3qzz"
"mza7o2lr","水尾 辛口吟醸 生詰","Unknown",,"1320","<p>商品詳細 長野県飯山市産「ひとごこち」または「山恵錦」100％使用 59％精米の長野県飯山産ひとごこちを100％使用した特別本醸造を生詰めしました。ふくよかな香りを持ちながら、すっきりとした辛口のお酒に仕上げてあります。様々なお食事に合わせやすい、香りと味のバランスの良いお酒です。 購入ページへ（外部サイト） その他商品一覧 飲める・買えるお店 該当するリストがありません</p>","https://storage.googleapis.com/studio-cms-assets/projects/YPqrD0nkW5/s-636x680_v-fs_webp_d3951b71-af5c-41c5-b4e4-e3a266d37fcb.png","https://e-mizuo.com/item-list?categoryId=58184","mza7o2lr"
"uauyu61g","芳水しぼりたて生酒一番","Unknown",,"1320","<p>商品詳細 贅沢な搾りたてのフレッシュな生吟醸酒。 しっかりした旨み・・・ほのぼのとした余韻・・・ロックでもお楽しみ下さい。 購入ページへ（外部サイト） その他商品一覧 飲める・買えるお店 該当するリストがありません</p>","https://storage.googleapis.com/studio-cms-assets/projects/YPqrD0nkW5/s-600x600_v-fs_webp_d585184c-f09d-44c3-bc5f-d242e20e2474.jpg","https://amzn.to/3ZfNEJi","uauyu61g"
"hdzafhep","粹府　生原酒","Unknown",,"1425","<p>商品詳細 満足感のある味わい。お米は日本晴を使用。 購入ページへ（外部サイト） その他商品一覧 飲める・買えるお店 該当するリストがありません</p>","https://storage.googleapis.com/studio-cms-assets/projects/YPqrD0nkW5/s-1280x1280_v-fms_webp_71cb26a4-b556-4035-963d-8ec460aca3b1.jpg","https://miyakesuifu.base.shop/items/47237055","hdzafhep"
"wfijdw4n","純米吟醸　媛","Unknown",,"2127","<p>商品詳細 幻の米「都」でつくった純米吟醸。華やかな香りで女性に人気。 購入ページへ（外部サイト） その他商品一覧 粹府（SUIFU） 粹府　生原酒 ml ¥ 1,425 (税込) 媛（HIME） 純米吟醸　媛 ml ¥ 2,127 (税込) 飲める・買えるお店 該当するリストがありません</p>","https://storage.googleapis.com/studio-cms-assets/projects/YPqrD0nkW5/s-640x640_v-fs_webp_284ff219-284a-4ad8-82ea-23bb6ae317d6.jpg","https://miyakesuifu.base.shop/items/46561775","wfijdw4n"
"rur7zr87","紀州かつらぎ川上酒 初桜 しぼりたて生酒","Unknown",,"1418","<p>商品詳細 その年に採れた新米でお酒をつくることから新酒と呼ばれるようになったこの時期のお酒。 今年も新酒一本目を味わってもらいたいという想いから「しぼりたて生酒」を販売しています。フレッシュで濃厚な米の味わいが特徴です。 冷から常温、寒くなってきたのでぬる燗とお好きな温度帯でお楽しみください。 おすすめの食べ合わせはタコの唐揚げです。 購入ページへ（外部サイト） その他商品一覧 飲める・買えるお店 該当するリストがありません</p>","https://storage.googleapis.com/studio-cms-assets/projects/YPqrD0nkW5/s-600x600_v-fs_webp_ffda6008-27a9-4afc-ad83-a4f6332615ba.jpg","https://www.hatsusakura.co.jp/SHOP/SB04.html","rur7zr87"
"oxjngogu","初桜 特別純米 生原酒 玉栄","Unknown",,"1487","<p>商品詳細 安井利晴蔵元杜氏と、太郎次期蔵元が親子鷹で挑む県内最小クラスの小仕込みで醸す手造り酒「初桜」 こちらは利晴蔵元杜氏の責任醸造酒。 硬質な玉栄の特性を活かし、すっきりと透明感ある味わいに仕上げています。 すっきりした笑顔こぼれる酒です。 購入ページへ（外部サイト） その他商品一覧 初桜（HATSUSAKURA） 紀州かつらぎ川上酒 初桜 しぼりたて生酒 ml ¥ 1,418 (税込) 初桜（HATSUSAKURA） 初桜 特別純米 生原酒 玉栄 ml ¥ 1,487 (税込) 飲める・買えるお店</p>","https://storage.googleapis.com/studio-cms-assets/projects/YPqrD0nkW5/s-465x580_webp_804cfdee-4a0f-4a96-bac0-b244dc0bdb65.jpg","https://item.rakuten.co.jp/tokuriya/8487/","oxjngogu"
"14hcqjzw","於多福 純米吟醸","Unknown",,"1870","<p>商品詳細 穏やかな香りと味わいの調和が取れた純米吟醸。幅広い料理に合うため、食中酒として用いられることが多いすっきり辛口の酒です。冷やしても常温でも楽しめます。 購入ページへ（外部サイト） その他商品一覧 飲める・買えるお店 該当するリストがありません</p>","https://storage.googleapis.com/studio-cms-assets/projects/YPqrD0nkW5/s-1080x1080_7a51ee48-1161-4028-a37a-a4280b0a69ee.webp","https://www.tsukasyuzou.jp/products/%E6%96%BC%E5%A4%9A%E7%A6%8F-%E7%B4%94%E7%B1%B3%E5%90%9F%E9%86%B8-720ml","14hcqjzw"
"tcuasf0q","【火入れ】9代目於多福　純米吟醸","Unknown",,"1870","<p>商品詳細 9代目が昨年リリースした「ごあいさつ」シリーズ改め「9代目　於多福」として、ラベルを大幅にリニューアルしました。日本酒をより手軽に、ポップに愉しんでもらいたいという思いからこのような装いで新たにスタートします。 「9代目於多福　純米吟醸　火入れ」。丁寧に醸造された辛口の純米吟醸です。 720ml（通常の日本酒のサイズ）、1800ml（一升瓶）両方お選びいただけます。「容量」のタブから選択してください。 一緒に買うものを迷ったときは、同時発売の「9代目於多福　純米　火入れ」 、「9代目於多福　特別純米　火入れ」をお試しください。 購入ページへ（外部サイト） その他商品一覧 於多福（OTAFUKU） 於多福 純米吟醸 ml ¥ 1,870 (税込) 於多福（OTAFUKU） 【火入れ】9代目於多福　純米吟醸 ml ¥ 1,870 (税込) 飲める・買えるお店</p>","https://storage.googleapis.com/studio-cms-assets/projects/YPqrD0nkW5/s-1170x1170_v-fs_webp_552c190f-f6c0-43dc-891a-b14b8b1ddffa.jpg","https://www.tsukasyuzou.jp/products/%E6%96%BC%E5%A4%9A%E7%A6%8F-%E7%B4%94%E7%B1%B3%E5%90%9F%E9%86%B8-720ml","tcuasf0q"
"ud62raun","萩錦 純米吟醸 美山錦 荒走り 無濾過生原酒","Unknown",,"1760","<p>商品詳細 日本有数の清流安倍川の伏流水で醸す、静岡らしいきれいで柔らかなお酒を造り出します。 こちらは、長野県産「美山錦」と「静岡酵母」で造った人気商品。荒走りは限定出荷の特別なお酒です。 フレッシュで強さを感じる荒走り部分だけを瓶詰めした1本。出来たばかりの新酒をぜひお楽しみください。 購入ページへ（外部サイト） その他商品一覧 飲める・買えるお店 該当するリストがありません</p>","https://storage.googleapis.com/studio-cms-assets/projects/YPqrD0nkW5/s-3200x2400_ef87c5e1-2fa3-4702-9e0c-6d941988f32d.webp","https://imadeya.co.jp/products/8181857452197","ud62raun"
"1vjh3qvd","特別純米酒　カルイワノイ","磐乃井酒造株式会社（磐乃井 / 百磐）","磐乃井 / 百磐","1815","<p>商品詳細 2020年に磐乃井酒造として初めて低アルコール原酒に挑戦してできたお酒。 磐乃井の日本酒は16度や17度の原酒をアルコール調整して15度にしている商品が多いですが、13度で原酒になるように仕上げました。 「軽い」と「磐乃井」で「カルイワノイ」という商品名となっており、原酒ならではの旨味があり、軽快で甘みと酸味のバランスが良い味わいとなっております。 購入ページへ（外部サイト） その他商品一覧 飲める・買えるお店 該当するリストがありません</p>","https://storage.googleapis.com/studio-cms-assets/projects/YPqrD0nkW5/s-640x480_v-fs_webp_90cfda09-0f74-4b1e-acbe-22e8b505e7da.jpg","https://iwanoi.shop-pro.jp/?pid=151814130","1vjh3qvd"
"da6yygsd","純米酒　真心","Unknown",,"2860","<p>商品詳細 米の旨味が感じられ、コクのあるしっかりした味わいです。 米、酵母、麹、水を岩手のものを使用し、 南部杜氏の技で仕込んだオールいわてのお酒です。 購入ページへ（外部サイト） その他商品一覧 カルイワノイ（KARUIWANOI） 特別純米酒　カルイワノイ ml ¥ 1,815 (税込) 真心（MAGOKORO） 純米酒　真心 ml ¥ 2,860 (税込) 飲める・買えるお店</p>","https://storage.googleapis.com/studio-cms-assets/projects/YPqrD0nkW5/s-399x598_webp_20ca8936-a448-406b-810f-785735c48b32.jpg","https://item.rakuten.co.jp/mizusato/12042453435/","da6yygsd"
"efc0ww5g","八千代　純米吟醸","Unknown",,"1850","<p>商品詳細 自社田で、減農薬栽培した酒米「山田錦」を使用し、米の旨味を引き出しました。 香りは控えめで旨味が口の中にふくらみ、キレのあるお酒。 【オススメのお食事】ローストビーフ、山菜のてんぷら、焼き鳥、焼肉 購入ページへ（外部サイト） その他商品一覧 La+YACHIYO（ラプラスヤチヨ） La+YACHIYO　ROOM　ホワイト・モー... 720ml ¥ 2,200 (税込) 八千代（YACHIYO） 八千代　純米吟醸 ml ¥ 1,850 (税込) 八千代（YACHIYO） KABAラベル　活性純米にごり酒（生） ml ¥ 1,650 (税込) 飲める・買えるお店 該当するリストがありません</p>","https://storage.googleapis.com/studio-cms-assets/projects/YPqrD0nkW5/s-640x640_v-fs_webp_380bbc03-efa1-4927-8853-6743c1420142.jpg","https://ec.yachiyo-sake.com/items/56480974","efc0ww5g"
"hteicjqi","KABAラベル　活性純米にごり酒（生）","Unknown",,"1650","<p>商品詳細 数十年前に広島より杜氏を招き、より手間のかかる四段仕込みで醸し、その味を受け継ぎ今も造り続けています。 レギュラー商品のにごり酒よりも辛口で口当たりはとろみがあり、シュワシュワと口の中で弾けるフレッシュな味わいが特徴的です。 購入ページへ（外部サイト） その他商品一覧 La+YACHIYO（ラプラスヤチヨ） La+YACHIYO　ROOM　ホワイト・モー... 720ml ¥ 2,200 (税込) 八千代（YACHIYO） 八千代　純米吟醸 ml ¥ 1,850 (税込) 八千代（YACHIYO） KABAラベル　活性純米にごり酒（生） ml ¥ 1,650 (税込) 飲める・買えるお店 該当するリストがありません</p>","https://storage.googleapis.com/studio-cms-assets/projects/YPqrD0nkW5/s-1000x1000_v-fs_webp_9319e62b-e93c-48bf-8b1a-3d8bed30cae8.jpg","https://item.rakuten.co.jp/kikkys-33/s107/","hteicjqi"
"ozuvf2bv","松美酉 純米吟醸 琴姫","Unknown",,"1815","<p>商品詳細 自社の田んぼで栽培した酒米「若水」を１００％使用しています。 フルーティーでスッキリとした飲み口のお酒です。 冷やして飲むのがオススメです。 購入ページへ（外部サイト） その他商品一覧 飲める・買えるお店 該当するリストがありません</p>","https://storage.googleapis.com/studio-cms-assets/projects/YPqrD0nkW5/s-462x462_webp_958c2730-fd15-414e-8e9f-a0cc842daa04.jpg","https://item.rakuten.co.jp/arch-shop/matsu-koto720/","ozuvf2bv"
"qtl_0b9v","松みどり 大吟醸 原酒","Unknown",,"3143","<p>商品詳細 中沢酒造の最高級酒。 低温で長期間発酵をさせた、フルーティーで濃醇な味わいの大吟醸酒。 加水をしていない原酒タイプなので、飲みごたえあり。 購入ページへ（外部サイト） その他商品一覧 飲める・買えるお店 該当するリストがありません</p>","https://storage.googleapis.com/studio-cms-assets/projects/YPqrD0nkW5/s-1080x1080_v-fs_webp_fd6621e1-9fc5-44b4-9847-199381206f9d.jpg","https://item.rakuten.co.jp/arch-shop/matsu-daigen720/","qtl_0b9v"
"yjab-niq","MIZUBASHO PURE 瓶内二次発酵","Unknown",,"6000","<p>商品詳細 伝統的な日本酒製法に瓶内二次発酵を取り入れた、本格的なスパークリング酒。 世界のトップシェフ達が「初めての食感」と驚嘆する逸品。チェリーやライチの香味を持ち、シルキーな泡が妖精のように料理を包みます。構想から１０年、数百回にも及ぶ試行錯誤の中、２００８年に米の可能性と魅力を引き出し誕生いたしました。 購入ページへ（外部サイト） その他商品一覧 飲める・買えるお店 該当するリストがありません</p>","https://storage.googleapis.com/studio-cms-assets/projects/YPqrD0nkW5/s-240x240_webp_d2b867d2-91d2-4736-8fca-06831da88459.jpg","https://a.r10.to/hRYG29","yjab-niq"
"yhmftr5k","獺祭 スパークリング","Unknown",,"2255","<p>商品詳細 にごり酒だからこそ分かる山田錦の米の甘み。 瓶内二次発酵が生み出す爽やかな発泡性。 最後に繊細かつ存在感のある純米大吟醸が見せる鮮やかな味の切れと余韻を堪能。 獺祭のスパークリングの誕生は1993年と意外に前から造られています。 女性向け、飲まない人向けというコンセプトで造られておらず”おいしい日本酒のスパークリング”というコンセプトから生み出された日本酒です。 揚げ物や味付けの濃い食事に、食後にフルーツと一緒に飲むのも合います。 購入ページへ（外部サイト） その他商品一覧 飲める・買えるお店 該当するリストがありません</p>","https://storage.googleapis.com/studio-cms-assets/projects/YPqrD0nkW5/s-400x400_webp_84f92975-6f63-422d-9cc7-96ef3628f1a2.jpg","https://a.r10.to/hkvrFv","yhmftr5k"
"f5w0qe-2","岩の井　純米大吟醸","Unknown",,"3703","<p>商品詳細 こだわりの農法「直播(じかまき)」で栽培され、単一の田んぼの酒造好適米のみで造られた日本酒。千葉県御宿町の海辺に近い場所でとれる硬水で造られているため、ミネラリーで玉栄の特徴である爽やかで繊細な味わいが魅力です。 洋食・和食どちらにも合い、特にワイングラスで飲むことをお勧めしています。 看板ブランドである「岩の井」は、清酒、熟成古酒共に海外のコンペティションで数々の賞を受賞しています。※ロンドン酒チャレンジ2019 年 純米大吟醸部門『 金賞 』、ブリュッセル国際コンクール SAKE selection2018熟成古酒部門『プラチナ賞』などを受賞 購入ページへ（外部サイト） その他商品一覧 岩の井（IWANOI） 岩の井 純米吟醸 玉栄 無濾過生原酒 i240 720ml ¥ 1,870 (税込) 岩の井（IWANOI） 岩の井　純米大吟醸 ml ¥ 3,703 (税込) 飲める・買えるお店 該当するリストがありません</p>","https://storage.googleapis.com/studio-cms-assets/projects/YPqrD0nkW5/s-348x348_webp_b570d704-367f-4b2d-9f84-8e42e28756bd.jpg","https://a.r10.to/hUnyxL","f5w0qe-2"
"tsuchida99","Tsuchida 99","Unknown",,"2480","<p>商品詳細 毎年９月９日の【99の日】に解禁するTsuchida 99。 もう知らない人はいないでしょう。 麹歩合（原料の内、麹米の使用割合）が日本酒の限界である９９％という、 日本酒の限界に挑戦したお酒がTsuchida 99です。 今年はいつものTsuchida99に加え、超異端製法/超限定の99のご案内もございます。あわせてお楽しみ頂けますと、より麹の奥深さをお楽しみ頂けると思います。 日本の国菌『麹菌』は、やはり酒造りでも一番大事だった。 麹菌は日本を代表する菌であり、国菌に認定されています。 味噌、醤油、酢、味醂、そして日本酒。日本の伝統的な食文化である発酵食品を造る上ではかかせない、日本人にとってとても馴染み深いものです。 日本酒造りでいうと、 『一こうじ、二もと（酒母）、三つくり（もろみ）』という酒造りの格言があり、酒造りで一番重要なのは麹だということを言っています。 もちろんすべて大事なのですが、麹はあとの工程である酒母や発酵にも影響しますし、酒の味わいや香りをつくるとても重要な工程なのです。 日本の国菌であり、酒造りでもいちばん大事な麹。その麹を日本酒と名のれる限界値まで使用したのが99です。 麹米の量でこんなに味が変わるのか！？と感じられるほど日本酒の可能性を広げる酒だと思っております。 標準は20％。99は99%。100じゃないのは日本酒だから。 麹歩合というのは、原料のうち麹米を使用した割合のことです。 通常は麹歩合20%くらいが一般的。20%の麹米と80%の白米で造ります。 麹歩合99%の当商品は、99%の麹米と1%の白米で造ります。 なぜ100%じゃなくて99%なのか。酒税法で日本酒の定義が 【米、米こうじ及び水を原料として発酵させて、こしたもの】と定められているのです。 つまり、すこしでも白米を使わないと日本酒と名乗れないし、日本酒の製造免許で造れなくなってしまうのです。 酒税法のもと99%にしましたが、99という数字とゴロが良く、今では99%で良かったなと思っております。 購入ページへ（外部サイト） その他商品一覧 シン・ツチダ シン・ツチダ 五百万石 720ml ¥ 1,700 (税込) 土田シリーズ（TSUCHIDA SERIES） 【IMADEYA限定】土田 生もと別誂 720ml ¥ 2,200 (税込) 土田シリーズ（TSUCHIDA SERIES） 土田 生もと 別誂 令和五酒造年度仕込み５号 720ml ¥ 2,800 (税込) 譽國光（HOMAREKOKKO） こうじの恵　石けん（100g） ml ¥ 700 (税込) 譽國光（HOMAREKOKKO） こうじの恵　トライアルセット 0ml ¥ 1,100 (税込) 飲める・買えるお店</p>","https://storage.googleapis.com/studio-cms-assets/projects/YPqrD0nkW5/s-750x750_v-fs_webp_3af34f68-caf6-4fbc-a8bb-a97a2233ff28.jpg","https://cart.homare.biz/i/S0164","tsuchida99"
"2scyh9uk","長瀞蔵 純米吟醸生原酒 中取り","Unknown",,"1925","<p>商品詳細 米、水、人、全てが埼玉の埼玉地酒。香水梨や王林(リンゴ)のような華やかな香り、軽く甘味を伴った心地よい口当たり。プチプチの微発泡感。小気味よくキレを感じるバランスの取れた引き締まった味わいです。しっかり冷やしてお楽しみください。 購入ページへ（外部サイト） その他商品一覧 飲める・買えるお店 該当するリストがありません</p>","https://storage.googleapis.com/studio-cms-assets/projects/YPqrD0nkW5/s-200x203_webp_2a17eb65-36b8-4961-ba33-91f2218e6ee4.jpg","https://a.r10.to/h5z9Hx","2scyh9uk"
"lac6s1t-","久保田 千寿 吟醸生原酒","Unknown",,"3652","<p>商品詳細 寒造りで造られた、冬限定の『久保田 千寿』の吟醸生原酒。 搾りたてのフレッシュな口当たりと、原酒ならではの濃厚な味わい、そして、力強い香りが特長のお酒です。 もちろん、千寿本来の飲みやすさとキレもそのまま。 さっぱりとした料理でもコクのある料理でも、冬の味覚にぴったりの一杯です。 購入ページへ（外部サイト） その他商品一覧 飲める・買えるお店</p>","https://storage.googleapis.com/studio-cms-assets/projects/YPqrD0nkW5/s-600x600_v-fs_webp_7da49a7c-93f1-4c16-a06f-e4f6996062fc.png","https://a.r10.to/hYWPOt","lac6s1t-"
"wvy-ct9u","澤乃井 純米吟醸 蒼天","Unknown",,"1815","<p>商品詳細 品の良い味と香りが特徴。米の旨味を引き出した純米吟醸。 購入ページへ（外部サイト） その他商品一覧 飲める・買えるお店 該当するリストがありません</p>","https://storage.googleapis.com/studio-cms-assets/projects/YPqrD0nkW5/s-1500x1500_7dc85f7d-24ec-41a5-a51f-41c1b5f912a3.webp","https://a.r10.to/hkENTz","wvy-ct9u"
"7l5zd25w","上喜元 純米吟醸 月夜 限定品","酒田酒造株式会社（上喜元）","上喜元","1760","<p>商品詳細 暑いときはスッキリ月夜で グラスに鼻を近づけたときの香りは、上喜元らしい華やかな香りがします。美しい花を思わせるような吟醸香です。 口当たりはさらっとしていて、すーっと喉を通ります。湧き水を連想させる透明感がある味わいで、アルコール度数が低く軽快な味が楽しめますが、最後には上喜元らしい華やかさも残ります。 暑い夏にスッキリ楽しんでいただける飲み手を選ばない酒です。 購入ページへ（外部サイト） その他商品一覧 飲める・買えるお店 該当するリストがありません</p>","https://storage.googleapis.com/studio-cms-assets/projects/YPqrD0nkW5/s-250x250_webp_76351378-78e5-4c6f-9b28-15f7afafef71.jpg","https://a.r10.to/hksz5V","7l5zd25w"
"lxkaqutl","くどき上手 純米大吟醸","亀の井酒造株式会社（くどき上手）","くどき上手","2850","<p>商品詳細 くどき上手の商品の中では最も出荷量が多いポピュラーな酒とも言えます。 1800mlの純米吟醸とともに、くどき上手が県外でも評価されるようになった牽引役を果たした純米大吟醸です。 くどき上手を語る上で欠かせないお酒であり、この蔵の本質を知るのに一番わかりやすい基本となるお酒です。 口当たりよくやさしくマイルドな味わいは飲み手を選びません。 女性はもちろん、日本酒初心者の方にも無理なくお楽しみいただけるお酒です。 香りはたいへん華やかでフルーティ。酵母は小川酵母(協会10号系)と明利酵母(M310)を使用しています。 9号に比べて香りは穏やかなはずの小川酵母ですが、M-310の力もあり、1800mlの純米吟醸よりもさらに華やかな香りが楽しめます。 購入ページへ（外部サイト） その他商品一覧 飲める・買えるお店 該当するリストがありません</p>","https://storage.googleapis.com/studio-cms-assets/projects/YPqrD0nkW5/s-800x800_v-fs_webp_f2dea627-2e14-417e-8f61-8e698b75c9a7.jpg","https://amzn.to/3XochCn","lxkaqutl"
"3bryzilc","飛良泉 山廃純米酒（特別純米酒）","株式会社飛良泉本舗（飛良泉）","飛良泉","1760","<p>商品詳細 「山廃」は飛良泉の伝統的な酒母仕込法です。 ふくらみのある味わいで、快い酸味と、 飲みあきせず味くずれしない腰の強さが特徴です。 食中酒として魚料理はもちろん、肉料理にもお薦めいたします。 購入ページへ（外部サイト） その他商品一覧 FOUR SEASONS 飛良泉 FOUR SEASONS 春 うすにご... 720ml ¥ 1,870 (税込) 飛良泉（HIRAIZUMI） 飛良泉 山廃純米酒（特別純米酒） ml ¥ 1,760 (税込) 飲める・買えるお店 該当するリストがありません</p>","https://storage.googleapis.com/studio-cms-assets/projects/YPqrD0nkW5/s-300x258_webp_b3f7d085-166d-46f1-9333-40141a3d6b60.jpg","https://a.r10.to/hgHqYW","3bryzilc"
"6oclifn7","白瀑　ど辛 純米酒","Unknown",,"1320","<p>商品詳細 ドストレートでシンプルすぎるラベルにネーミングで辛さは伝わると思いますが「超」辛口の旨辛ッ酒です。辛口ファンのお客様にとくに受けている１本。 ～「ど」の響き～ このど辛、口に含んだ瞬間に辛さは感じず、まず穏やかな香りや甘みが広がり、ノドを通る瞬間に弾けます！スカッと辛さが弾けます！酸も充分あり後味のキレも抜群でついつい飲みすぎてしまう旨さで、このコストパフォーマンス！日々の晩酌酒としても最高の１本です。 購入ページへ（外部サイト） その他商品一覧 飲める・買えるお店 該当するリストがありません</p>","https://storage.googleapis.com/studio-cms-assets/projects/YPqrD0nkW5/s-800x800_v-fs_webp_d6075da0-5862-435a-9b27-32527974c97c.jpg","https://amzn.to/4e9FjLH","6oclifn7"
"kpte1-md","山本 Pure Black ピュアブラック","株式会社山本酒造店（山本 / 白瀑）","山本 / 白瀑","1690","<p>商品詳細 現蔵元の山本が自ら酒造りを始めた平成17年に立ち上げたセカンドブランド。 今では主力銘柄となり、山本酒造店の屋台骨を支えている。当初は精米から搾りまでの一連の工程を山本が行うというコンセプトだったが、年々生産量が増加し、近年では山本は司令塔に徹し、各工程はスタッフが担当している。全国の山本さんが本気で買えば１日で完売するのだが、現実は甘くはない・・・。 購入ページへ（外部サイト） その他商品一覧 白瀑（SHIRATAKI） 白瀑　ど辛 純米酒 ml ¥ 1,320 (税込) 山本（YAMAMOTO） 山本 Pure Black ピュアブラック ml ¥ 1,690 (税込) 飲める・買えるお店 該当するリストがありません</p>","https://storage.googleapis.com/studio-cms-assets/projects/YPqrD0nkW5/s-500x750_93e12ad6-4ddd-44de-8bb5-e53271164951.webp","https://a.r10.to/h5z48v","kpte1-md"
"iwdnjnb-","ゆきの美人 純米吟醸","秋田醸造株式会社（ゆきの美人）","ゆきの美人","1760","<p>商品詳細 山田錦のふくらみ旨味と、酒こまちの軽さが調和しており、すっきりとしたきれいな酸味が特徴です。 購入ページへ（外部サイト） その他商品一覧 飲める・買えるお店 該当するリストがありません</p>","https://storage.googleapis.com/studio-cms-assets/projects/YPqrD0nkW5/s-348x348_webp_c05c7851-be76-4e8b-a743-ca9968a14c48.jpg","https://amzn.to/4dNqaje","iwdnjnb-"
"8fw-nz3p","春霞 はるかすみ 純米吟醸 6号酵母","合名会社栗林酒造店（春霞）","春霞","1705","<p>商品詳細 「春霞」の主力品種&quot;美郷錦&quot;を、&quot;6号酵母&quot;で醸した限定酒。 爽やかな柑橘系の香り、しなやかな口当たりから、 柔らかなやさしい甘みが広がります。後口の心地よい酸も印象的。 甘みと酸味のバランスが秀逸で、完成度の高い一本です。 いつもとはちょっと違う、春霞の今だけの味わい、ぜひお楽しみください。 購入ページへ（外部サイト） その他商品一覧 飲める・買えるお店 該当するリストがありません</p>","https://storage.googleapis.com/studio-cms-assets/projects/YPqrD0nkW5/s-800x800_v-fs_webp_295f1478-002a-455d-ba63-d047a0116bb3.jpg","https://a.r10.to/hk9Haa","8fw-nz3p"
"dotv5iya","雪鶴 大辛口ブラック","田原酒造株式会社（雪鶴）","雪鶴","1210","<p>商品詳細 日本酒度＋１０の大辛口 雪鶴らしい旨味と豊かな味わい残しながら、抜群の切味のお酒。 購入ページへ（外部サイト） その他商品一覧 飲める・買えるお店 該当するリストがありません</p>","https://storage.googleapis.com/studio-cms-assets/projects/YPqrD0nkW5/s-1280x1280_v-fms_webp_5c6c0a68-0a9f-43cb-b625-496b9e2b8f80.jpg","https://amzn.to/3XmW6Fc","dotv5iya"
"e3d9akjl","雪鶴 純米酒","田原酒造株式会社（雪鶴）","雪鶴","1540","<p>商品詳細 酒通好みの、飲みあきしない晩酌用辛口純米酒。 冷酒はもちろんお燗がとても良し！ 新潟流淡麗辛口 購入ページへ（外部サイト） その他商品一覧 雪鶴（YUKITSURU） 雪鶴 大辛口ブラック ml ¥ 1,210 (税込) 雪鶴（YUKITSURU） 雪鶴 純米酒 ml ¥ 1,540 (税込) 雪鶴（YUKITSURU） 雪鶴 純米吟醸 ml ¥ 1,815 (税込) 飲める・買えるお店 該当するリストがありません</p>","https://storage.googleapis.com/studio-cms-assets/projects/YPqrD0nkW5/s-1280x1280_v-fms_webp_005fabd9-5e65-4c43-aca2-fd6312bc686e.jpg","https://amzn.to/4d20i25","e3d9akjl"
"bjkwfa1y","雪鶴 純米吟醸","田原酒造株式会社（雪鶴）","雪鶴","1815","<p>商品詳細 おだやかな口中香と柔らかな口あたり お米の旨味を充分にのせた、上品で豊かな味わいです。 やや辛口で和食を中心に食事を引き立てる食中酒として最適なお酒です。 購入ページへ（外部サイト） その他商品一覧 雪鶴（YUKITSURU） 雪鶴 大辛口ブラック ml ¥ 1,210 (税込) 雪鶴（YUKITSURU） 雪鶴 純米酒 ml ¥ 1,540 (税込) 雪鶴（YUKITSURU） 雪鶴 純米吟醸 ml ¥ 1,815 (税込) 飲める・買えるお店</p>","https://storage.googleapis.com/studio-cms-assets/projects/YPqrD0nkW5/s-1280x1280_v-fms_webp_23e6f463-2e5f-47f5-a6c7-ebcc4d16a32d.jpg","https://amzn.to/3Xr5Ugz","bjkwfa1y"
"ibn82tzc","hinemos 日本酒","Unknown",,"9580","<p>商品詳細 「全ての時間」に寄り添う日本酒 お酒を楽しむシチュエーションは多彩です。友人と、恋人と、仕事仲間と。夕方の少し早めの乾杯、メインディッシュを彩る乾杯、そして深夜のしっとりとした乾杯。それぞれの時間帯に合わせて、お酒が最高の瞬間を演出します。名前の通り、HINEMOSはあなたの全ての時間に寄り添い、心に残るひとときをお届けします。 購入ページへ（外部サイト） その他商品一覧 飲める・買えるお店</p>","https://storage.googleapis.com/studio-cms-assets/projects/YPqrD0nkW5/s-348x348_webp_a44c8811-5e20-424b-986c-ef07016df219.jpg","https://amzn.to/4fXjqkk","ibn82tzc"
"x1nfzezf","「コシノロクハク」 新春ブレンド（春季限定酒）","高野酒造株式会社（越路吹雪）","越路吹雪","1408","<p>商品詳細 銘柄に「白(ハク)」のつく、新潟を代表する酒蔵「6蔵」の常識破りのブレンド酒！！” かつてない試み！！ 新潟を代表する「白(ハク)」が付く6つの酒蔵 高野酒造「白露」、新潟第一酒造「越の白鳥」、中川酒造「越乃白雁」、弥彦酒造「こしのはくせつ」、白龍酒造「白龍」、白瀧酒造「白瀧」の清酒をバランスよくブレンドした常識破りの新ジャンルの日本酒です。 各蔵の杜氏が作り上げたお酒を巧みにブレンドすることによってそれぞれの長所を引き出し、欠点が無い多くの人が親しめる味わいを目指しました。 これまで季節限定蔵出しの数量限定販売品として発売しておりましたが、満を持して通年商品として発売いたします。 飲んだ方にしかわからない、６蔵の技術が集まった結晶のような綺麗な味わいです。 購入ページへ（外部サイト） その他商品一覧 飲める・買えるお店</p>","https://storage.googleapis.com/studio-cms-assets/projects/YPqrD0nkW5/s-630x630_v-fs_webp_7c08e693-4e6f-413f-b373-4ac337e9d92c.jpg","https://www.niigata-sake.jp/view/item/000000000631","x1nfzezf"
"ctp_ju-m","あさ開 純米大吟醸 結の香仕込み","株式会社あさ開（あさ開）","あさ開","4400","<p>商品詳細 あさ開　純米大吟醸　結の香仕込み １５０万株の中から選抜し１０年かけて開発した、岩手県産の最上級酒造好適米『結の香』を使った純米大吟醸。非常に雑味が少なくすっきりとした飲みやすさでありながら、やわらかな香りとまろやかな甘み、そして澄んだ味わいが特徴のお酒です。 酒質のイメージから華やかなピンクのラベルと高級感を演出する貼箱入りですので、ご贈答にもおすすめです。※ＧＩ岩手に認定されました。 購入ページへ（外部サイト） その他商品一覧 飲める・買えるお店 該当するリストがありません</p>","https://storage.googleapis.com/studio-cms-assets/projects/YPqrD0nkW5/s-360x360_webp_a8231105-52f5-4905-8697-42d61810ce95.jpg","https://item.rakuten.co.jp/asabiraki/26640/","ctp_ju-m"
"1mvhliey","蔵光 純米大吟醸","菊水酒造株式会社（菊水 / ふなぐち）","菊水 / ふなぐち","12100","<p>商品詳細 海外でも絶賛！新潟 菊水が生んだ最高峰の純米大吟醸 新潟県産「菊水」という酒造好適米を100%使用し、精米歩合23%まで磨き上げて造られています。菊水酒造が創業以来培ってきた知識と技術を注ぎ込み、澄み切った味わいと深い味わいを追求した日本酒です。 2014年の誕生以来、国内外で高い評価を得ており、ワイングラスでおいしい日本酒アワード2019では最高金賞を受賞、IWC（インターナショナルワインチャレンジ）では2年連続受賞、ロバート・パーカー氏のワイン・アドヴォケートでも高スコアを獲得しています。 購入ページへ（外部サイト） その他商品一覧 飲める・買えるお店 該当するリストがありません</p>","https://storage.googleapis.com/studio-cms-assets/projects/YPqrD0nkW5/s-300x300_webp_d1989fd7-44fb-4401-a441-f499c21b3409.jpg","https://item.rakuten.co.jp/kikusui/355211/","1mvhliey"
"bo0bbdfi","菊水 ふなぐち一番しぼり200ml","Unknown",,"1224","<p>商品詳細 一度飲んだら忘れられない、フレッシュでフルーティなしぼりたての生原酒。 購入ページへ（外部サイト） その他商品一覧 菊水（KIKUSUI） 蔵光 純米大吟醸 ml ¥ 12,100 (税込) 菊水（KIKUSUI） 菊水 ふなぐち一番しぼり200ml ml ¥ 1,224 (税込) 菊水（KIKUSUI） 菊水 純米酒 ml ¥ 2,414 (税込) 飲める・買えるお店 該当するリストがありません</p>","https://storage.googleapis.com/studio-cms-assets/projects/YPqrD0nkW5/s-348x348_webp_f2cfd1da-a607-40da-8aac-37d36303cb2d.jpg","https://amzn.to/4crEGf1","bo0bbdfi"
"bf-yamw5","菊水 純米酒","Unknown",,"2414","<p>商品詳細 濃醇なのに重くない、まっすぐなコクのある旨口の純米酒。燗にするとコクが強まり、ふくよかな旨味が広がります。 「燗上がりは菊水いち」の評判の通り、燗にするとコクが強調され、ふくよかな旨味が広がり、冷やではキレの良い飲み口と、それぞれにお楽しみいただけます。毎日の食事を引き立たせるため、普段の晩酌にもぴったりです。 購入ページへ（外部サイト） その他商品一覧 菊水（KIKUSUI） 蔵光 純米大吟醸 ml ¥ 12,100 (税込) 菊水（KIKUSUI） 菊水 ふなぐち一番しぼり200ml ml ¥ 1,224 (税込) 菊水（KIKUSUI） 菊水 純米酒 ml ¥ 2,414 (税込) 飲める・買えるお店</p>","https://storage.googleapis.com/studio-cms-assets/projects/YPqrD0nkW5/s-348x348_webp_cacad519-cd04-411d-b141-3b71eb1a7b6c.jpg","https://amzn.to/46WgPmI","bf-yamw5"
"ceeasknx","越乃寒梅 浹（amane） 純米吟醸","石本酒造株式会社（越乃寒梅）","越乃寒梅","1980","<p>商品詳細 令和の越乃寒梅。 香りと味のバランスを徹底して追求し、しっとり柔らかで素直な飲み口とともに、上品で穏やかな香りを感じられる純米吟醸酒に仕上げました。「浹（＝広く行き渡る）」の名が表すように、越乃寒梅の世界に新たな広がりをもたらす一杯です。 明治・大正・昭和・平成……時代を超えて受け継いできた「越乃寒梅らしさ」に重ねて、新しい令和という時代にふさわしい酒はどのような酒か。 「浹」はその問いに真摯に向き合い、生まれた酒です。「令和」という元号には、「人々が美しく心を寄せ合う中で、文化が生まれ育つ」という意味があります。 「浹」という酒を通じて、人々が絆を育み、つながり合い、ともに豊かな時を楽しむ……そんな美しい調和を生み出す酒でありたいという願いが、「浹」の根底には流れています。 購入ページへ（外部サイト） その他商品一覧 飲める・買えるお店 該当するリストがありません</p>","https://storage.googleapis.com/studio-cms-assets/projects/YPqrD0nkW5/s-348x348_webp_824c9cab-4938-4b1d-aaf3-30cea931e80c.jpg","https://amzn.to/46T2bwy","ceeasknx"
"oed4ahhw","越乃寒梅 灑(さい) 純米吟醸","石本酒造株式会社（越乃寒梅）","越乃寒梅","1980","<p>商品詳細 新感覚の純米吟醸酒。 45年ぶりの通年新商品として誕生した純米吟醸酒。精米歩合55%の五百万石と山田錦を使用し、穏やかな吟醸香とスムーズで柔らかな味わいが広がるのが特徴。米の旨味を感じやすい純米酒でありながらも、「灑（＝綺麗にさっぱり洗い流す）」の名が表すように、ライトで飲みやすく、飽きの来ない味わいに仕上げています。 これまでなかったライトな飲み口が特徴の「灑」は、かつて越乃寒梅をご愛飲くださっていた方や、他銘柄の日本酒を普段飲まれている方に、ぜひ味わっていただきたい酒。「こんな越乃寒梅もあったんだ！」と新たな一面を発見いただけるはずです。特に10℃前後の温度帯をおすすめしておりますが、「暑い夏に燗で涼をとり、寒い冬に冷で暖をとる」、灑ならではの楽しみ方も一興です。 購入ページへ（外部サイト） その他商品一覧 飲める・買えるお店 該当するリストがありません</p>","https://storage.googleapis.com/studio-cms-assets/projects/YPqrD0nkW5/s-348x348_webp_5d3aba5b-4e2c-4c89-bf11-a64016148892.jpg","https://amzn.to/3WMWzPC","oed4ahhw"
"hsa3gkz_","越乃寒梅 無垢 純米大吟醸","石本酒造株式会社（越乃寒梅）","越乃寒梅","2750","<p>商品詳細 米本来の旨味を、心ゆくまで心地よく。 精米歩合48％の兵庫県三木市志染町産山田錦を使用。米本来の旨さをしっかりと引き出し、ふくよかな奥深い味わいを持つ純米大吟醸酒です。とろりとした滑らかさと上品な香り、酸味を抑えた幅と厚みのある味わいが大きな魅力。ゆっくりと間合いを取りながら、味わっていただきたい日本酒です。全米日本酒歓評会2018年グランプリ受賞。 「濁りがなく、まっさら」という意味を持つ「無垢」。酒の宴に集まった方々が、濁りやわだかまりのない中、同じ気持ちで和やかに乾杯していただきたい、そんな蔵元の願いがこの「無垢」には込められています。 その願いが通じたかのように、2023年に新潟市で開催された「G7財務大臣・中央銀行総裁会議」の歓迎レセプションにおいて乾杯酒に選ばれ、開宴に華を添えました。 購入ページへ（外部サイト） その他商品一覧 越乃寒梅（KOSHINO KANBAI） 越乃寒梅 浹（amane） 純米吟醸 ml ¥ 1,980 (税込) 越乃寒梅（KOSHINO KANBAI） 越乃寒梅 灑(さい) 純米吟醸 ml ¥ 1,980 (税込) 越乃寒梅（KOSHINO KANBAI） 越乃寒梅 無垢 純米大吟醸 ml ¥ 2,750 (税込) 越乃寒梅（KOSHINO KANBAI） 越乃寒梅　金無垢 純米大吟醸 ml ¥ 5,500 (税込) 越乃寒梅（KOSHINO KANBAI） 越乃寒梅 超特撰 大吟醸 ml ¥ 6,600 (税込) 飲める・買えるお店</p>","https://storage.googleapis.com/studio-cms-assets/projects/YPqrD0nkW5/s-420x420_webp_d7d53a8c-5804-4903-b266-abbeeae0da00.jpg","https://amzn.to/4cuMVXC","hsa3gkz_"
"6gwohesq","越乃寒梅　金無垢 純米大吟醸","石本酒造株式会社（越乃寒梅）","越乃寒梅","5500","<p>商品詳細 越乃寒梅、最高峰の純米酒。 35％に磨いた兵庫県三木町志染町産山田錦を使用。最高の技術と手間暇をかけた吟醸造りはもちろん、1℃の低温で1年以上じっくりと熟成させ、円熟味が備わってから出荷します。良質な原料を丁寧に磨き、淡麗な酒質を追求する造りによってしか生まれない、上品な純米大吟醸酒です。 全米日本酒歓評会の2015年グランプリをはじめ、海外でも数々の受賞歴がある「金無垢」。著名なワイン評論家、ロバート・パーカー氏が創刊したアメリカのワイン評価誌「ワインアドヴォケイト」が発表する、世界的なポイント評価「パーカーポイント」の日本酒版において、ワインの世界では85点以上は1％にも満たない中、金無垢は90点を記録。世界から高い評価を集めています。 購入ページへ（外部サイト） その他商品一覧 越乃寒梅（KOSHINO KANBAI） 越乃寒梅 浹（amane） 純米吟醸 ml ¥ 1,980 (税込) 越乃寒梅（KOSHINO KANBAI） 越乃寒梅 灑(さい) 純米吟醸 ml ¥ 1,980 (税込) 越乃寒梅（KOSHINO KANBAI） 越乃寒梅 無垢 純米大吟醸 ml ¥ 2,750 (税込) 越乃寒梅（KOSHINO KANBAI） 越乃寒梅　金無垢 純米大吟醸 ml ¥ 5,500 (税込) 越乃寒梅（KOSHINO KANBAI） 越乃寒梅 超特撰 大吟醸 ml ¥ 6,600 (税込) 飲める・買えるお店</p>","https://storage.googleapis.com/studio-cms-assets/projects/YPqrD0nkW5/s-420x420_webp_d271b63a-37c8-4b1c-a9e3-a5b85476465d.jpg","https://amzn.to/3SNl6Da","6gwohesq"
"bftqvmjl","越乃寒梅 超特撰 大吟醸","石本酒造株式会社（越乃寒梅）","越乃寒梅","6600","<p>商品詳細 越乃寒梅の最高峰。 兵庫県三木市志染町産山田錦を30％まで磨き、石本酒造の持てる技を尽くして醸した大吟醸酒を1℃の低温で約2年間、じっくりと寝かせました。低温長期の発酵・熟成が原料米の個性と大吟醸酒の品格を十分に引き出しています。どの温度帯でもお楽しみいただけますが、40度前後の「ぬる燗」が特におすすめです。旨味を感じながらもスッと消えていく余韻をお楽しみください。 購入ページへ（外部サイト） その他商品一覧 越乃寒梅（KOSHINO KANBAI） 越乃寒梅 浹（amane） 純米吟醸 ml ¥ 1,980 (税込) 越乃寒梅（KOSHINO KANBAI） 越乃寒梅 灑(さい) 純米吟醸 ml ¥ 1,980 (税込) 越乃寒梅（KOSHINO KANBAI） 越乃寒梅 無垢 純米大吟醸 ml ¥ 2,750 (税込) 越乃寒梅（KOSHINO KANBAI） 越乃寒梅　金無垢 純米大吟醸 ml ¥ 5,500 (税込) 越乃寒梅（KOSHINO KANBAI） 越乃寒梅 超特撰 大吟醸 ml ¥ 6,600 (税込) 飲める・買えるお店</p>","https://storage.googleapis.com/studio-cms-assets/projects/YPqrD0nkW5/s-420x420_webp_db6339be-1409-415f-ac09-be560cf64413.jpg","https://amzn.to/4g1aydF","bftqvmjl"
"0vndt5ll","真澄 夢殿(YUMEDONO) 純米大吟醸","宮坂醸造株式会社（真澄）","真澄","13200","<p>商品詳細 夢殿は明治時代から真澄が最上の酒に冠してきた名称。 厳選した酒米を七号系自社株酵母で醸し、 袋搾りの雫だけを製品化しました。希少な一本。 黄色いリンゴ、白桃などを思わせる華やかで芳潤な香りに、柔らかくきめ細やかな口当たりが上質さと風格を感じさせます。口に含むとなめらかな甘みとバランスの取れた酸味が上品に重なり合い、優美でエレガントな余韻を残します。 購入ページへ（外部サイト） その他商品一覧 飲める・買えるお店 該当するリストがありません</p>","https://storage.googleapis.com/studio-cms-assets/projects/YPqrD0nkW5/s-375x375_webp_329e0690-7ffc-48a3-8371-cf4feb5f1983.jpg","https://amzn.to/4dHzNiS","0vndt5ll"
"4doxuajc","久保田 純米大吟醸","Unknown",,"1980","<p>商品詳細 上質をカジュアルに。 香り、甘味、キレが融合した、新しい美味しさを追求したモダンでシャープな純米大吟醸酒。上質で華やかな香り、甘味と酸味が調和した味わい、久保田らしいキレのよさが、口の中でハーモニーを生み出します。 友人との気軽な家飲みや行きつけのバルで。もちろん、気取らないプレゼントにも。上質な日本酒を、カジュアルに楽しみたい方におすすめの一本。 「新しい久保田」を体現する美味しさと、培われてきた久保田の技。その両方を、一度に味わえるお酒です。 購入ページへ（外部サイト） その他商品一覧 久保田（KUBOTA） 久保田 千寿 吟醸生原酒 ml ¥ 3,652 (税込) 久保田（KUBOTA） 久保田 純米大吟醸 ml ¥ 1,980 (税込) 久保田（KUBOTA） 純米大吟醸 久保田 萬寿（まんじゅ） ml ¥ 4,590 (税込) 飲める・買えるお店</p>","https://storage.googleapis.com/studio-cms-assets/projects/YPqrD0nkW5/s-348x348_webp_390a9514-9cdd-41cb-b5b3-1d5e9eb53617.jpg","https://amzn.to/3AieaYa","4doxuajc"
"v17xfnzr","想天坊 ゆらぎ","Unknown",,"1513","<p>商品詳細 若い杜氏と蔵人たちが、越後杜氏伝承の技を継承し、そこに新しい感性を加えようと立ち上げたのが「ゆらぎ」です。 春季限定で新酒を原酒のまま一回火入れして蔵出しします。 「ゆらぎ」には、ＪＡＳ認定有機無農薬マガモ農法による希少な酒米「高嶺錦（たかねにしき）」を100%使用します。 「甑蒸米」「箱麹」「限定吸水」「突き破精麹」の作業を行い、仕込み温度を低く設定しもろみ期間を延ばして、きれいな味わいに仕上げます。 「ゆらぎ」ならではのやわらかな甘みとキレをお楽しみください。 購入ページへ（外部サイト） その他商品一覧 飲める・買えるお店</p>","https://storage.googleapis.com/studio-cms-assets/projects/YPqrD0nkW5/s-1200x1200_v-fms_webp_9de68954-04e6-4680-862d-e8305adae9d8.png","https://www.sakesake.com/item/kurabetu1/9/1-9-66.html","v17xfnzr"
"3e-c1qjy","天然水仕込み純米酒 今代司","今代司酒造株式会社（今代司）","今代司","1375","<p>商品詳細 料理との相性の良さは抜群で、これぞ食中酒と感じさせてくれる1本です。 純米らしい旨みがありながらサラリとした口当たり。 9代目蔵元 山本も晩酌に愛飲している、今代司の定番酒です。 冷やでスッキリ、燗で風味豊かにお楽しみいただけます。 購入ページへ（外部サイト） その他商品一覧 今代司（IMAYOTSUKASA） IMA 牡蠣のための日本酒 720ml ¥ 1,760 (税込) 今代司（IMAYOTSUKASA） 天然水仕込み純米酒 今代司 ml ¥ 1,375 (税込) 今代司（IMAYOTSUKASA） 純米酒 今代司 ししのくらの森酵母仕込み ml ¥ 1,870 (税込) 今代司（IMAYOTSUKASA） 純米大吟醸 今代司 極上 ml ¥ 5,170 (税込) 今代司（IMAYOTSUKASA） 純米大吟醸 今代司 ml ¥ 2,420 (税込) 飲める・買えるお店 該当するリストがありません</p>","https://storage.googleapis.com/studio-cms-assets/projects/YPqrD0nkW5/s-1000x1000_v-fs_webp_5c6d10b9-16a8-4f0b-80e5-27975702bc42.jpg","https://www.imayotsukasa.com/products/ten","3e-c1qjy"
"posrtemi","純米酒 今代司 ししのくらの森酵母仕込み","今代司酒造株式会社（今代司）","今代司","1870","<p>商品詳細 新潟県胎内市(たいないし)にキャンパスを構える新潟食料農業大学が開発した酵母「ししのくらの森酵母」を使用した、新潟発の産学連携商品です。胎内市には日本最大級のブナの巨大異形樹があり「神秘の森」と言われている「ししのくらの森」から、清酒製造に利用可能な酵母の候補株の分離に成功しました。その後、清酒の製造に適した酵母となるよう育種改良して生まれた新しい酵母が「ししのくらの森酵母」です。 豊かな自然に恵まれた新潟県胎内市産の酒米「五百万石」と胎内市の名水でつくりました。グラスへ注ぐと爽快感がありながらも優しい香りが立ち、心地よい酸味とキレのある後味が特長です。食中酒としてよく冷やして、または常温がおすすめです。 購入ページへ（外部サイト） その他商品一覧 今代司（IMAYOTSUKASA） IMA 牡蠣のための日本酒 720ml ¥ 1,760 (税込) 今代司（IMAYOTSUKASA） 天然水仕込み純米酒 今代司 ml ¥ 1,375 (税込) 今代司（IMAYOTSUKASA） 純米酒 今代司 ししのくらの森酵母仕込み ml ¥ 1,870 (税込) 今代司（IMAYOTSUKASA） 純米大吟醸 今代司 極上 ml ¥ 5,170 (税込) 今代司（IMAYOTSUKASA） 純米大吟醸 今代司 ml ¥ 2,420 (税込) 飲める・買えるお店 該当するリストがありません</p>","https://storage.googleapis.com/studio-cms-assets/projects/YPqrD0nkW5/s-1000x1000_v-fs_webp_4d7c3c28-6be9-43d0-884c-e2257087842b.png","https://www.imayotsukasa.com/collections/standard/products/shishinokura","posrtemi"
"p1nicf-b","純米大吟醸 今代司 極上","今代司酒造株式会社（今代司）","今代司","5170","<p>商品詳細 華やかな香りと奥行きのあるお米の旨みが最高点で調和する、まさに極上の今代司の最上級酒です。 新潟県のみで生産が許される高級酒造好適米(酒米) 越淡麗(こしたんれい)を100％使用。 酒米を半分以上削り、たんぱく質や脂質をできるだけ除いた精米歩合40％の越淡麗で、低温でじっくり醸した味わいをお楽しみください。 購入ページへ（外部サイト） その他商品一覧 今代司（IMAYOTSUKASA） IMA 牡蠣のための日本酒 720ml ¥ 1,760 (税込) 今代司（IMAYOTSUKASA） 天然水仕込み純米酒 今代司 ml ¥ 1,375 (税込) 今代司（IMAYOTSUKASA） 純米酒 今代司 ししのくらの森酵母仕込み ml ¥ 1,870 (税込) 今代司（IMAYOTSUKASA） 純米大吟醸 今代司 極上 ml ¥ 5,170 (税込) 今代司（IMAYOTSUKASA） 純米大吟醸 今代司 ml ¥ 2,420 (税込) 飲める・買えるお店 該当するリストがありません</p>","https://storage.googleapis.com/studio-cms-assets/projects/YPqrD0nkW5/s-1000x1000_v-fs_webp_34c7fa7f-fa15-4d6f-bedf-7bd3a683e145.jpg","https://www.imayotsukasa.com/collections/standard/products/gokujo","p1nicf-b"
"a-qdacus","純米大吟醸 今代司","今代司酒造株式会社（今代司）","今代司","2420","<p>商品詳細 米の旨みがしっかりと出ていながら、穏やかな香りとサラリとした口当たりが心地よい純米大吟醸酒です。旨みと軽やかさの両立で、スッと喉を通ります。 購入ページへ（外部サイト） その他商品一覧 今代司（IMAYOTSUKASA） IMA 牡蠣のための日本酒 720ml ¥ 1,760 (税込) 今代司（IMAYOTSUKASA） 天然水仕込み純米酒 今代司 ml ¥ 1,375 (税込) 今代司（IMAYOTSUKASA） 純米酒 今代司 ししのくらの森酵母仕込み ml ¥ 1,870 (税込) 今代司（IMAYOTSUKASA） 純米大吟醸 今代司 極上 ml ¥ 5,170 (税込) 今代司（IMAYOTSUKASA） 純米大吟醸 今代司 ml ¥ 2,420 (税込) 飲める・買えるお店 該当するリストがありません</p>","https://storage.googleapis.com/studio-cms-assets/projects/YPqrD0nkW5/s-600x600_v-fs_webp_40a06b36-94cc-44f4-8e65-f9236b1ad927.jpg","https://www.imayotsukasa.com/collections/standard/products/daiginjo","a-qdacus"
"3ejb8px0","錦鯉 にしきごい 純米酒","Unknown",,"6160","<p>商品詳細 日本酒「錦鯉」は、錦鯉のように華やかで、清らかさの中に堂々とした味を感じられるお酒です。 頭で飲む人が増えてしまった現代へのアンチテーゼとして、 酒のスペックは非公開とさせていただいていますが、 デザインだけでなく酒質についても国際的な評価をいただいているお酒ですのでご安心ください。 頭で味や香りを捉えるのではなく、鼻と口、そして目で、純粋にお楽しみいただけますと幸いです。 購入ページへ（外部サイト） その他商品一覧 今代司（IMAYOTSUKASA） IMA 牡蠣のための日本酒 720ml ¥ 1,760 (税込) 今代司（IMAYOTSUKASA） 天然水仕込み純米酒 今代司 ml ¥ 1,375 (税込) 今代司（IMAYOTSUKASA） 純米酒 今代司 ししのくらの森酵母仕込み ml ¥ 1,870 (税込) 今代司（IMAYOTSUKASA） 純米大吟醸 今代司 極上 ml ¥ 5,170 (税込) 今代司（IMAYOTSUKASA） 純米大吟醸 今代司 ml ¥ 2,420 (税込) 飲める・買えるお店 該当するリストがありません</p>","https://storage.googleapis.com/studio-cms-assets/projects/YPqrD0nkW5/s-750x750_v-fs_webp_e3f763d0-af84-45f3-8569-2a2735541ed0.jpg","https://www.imayotsukasa.com/collections/recommend/products/koi","3ejb8px0"
"7mbqjua2","村祐 紺瑠璃ラベル 生酒","Unknown",,"1980","<p>商品詳細 ほのかな吟醸香と共に村祐らしい甘さと酸のバランスが良く、食中食後とオールマイティーに楽しめるお酒です。 茜・常盤に比べて透明感のある軽やかな甘味。上品な酸が爽やかな余韻を感じさせます。 固定観念に囚われず、酒その物の味を見てもらいたいという思いで、成分などは非公開とさせて頂いてます。 購入ページへ（外部サイト） その他商品一覧 飲める・買えるお店</p>","https://storage.googleapis.com/studio-cms-assets/projects/YPqrD0nkW5/s-800x800_v-fs_webp_951f1482-5605-434a-b2be-b4356fbcaca2.jpg","https://www.isego.shop/shopdetail/000000001329/ct197/page1/order/","7mbqjua2"
"iz_w8kz_","村祐 茜ラベル 亀口取り","Unknown",,"1980","<p>商品詳細 今年はやや酸味が強く、甘味が控えめに仕上がっています。 上品なとろみが特徴的です。 購入ページへ（外部サイト） その他商品一覧 村祐（MURAYU） 村祐 長寿（焼酎） ml ¥ 1,650 (税込) 村祐（MURAYU） 村祐 紺瑠璃ラベル 生酒 ml ¥ 1,980 (税込) 村祐（MURAYU） 村祐 茜ラベル 亀口取り ml ¥ 1,980 (税込) 村祐（MURAYU） 村祐 常盤ラベル 生酒 1800ml ¥ 4,290 (税込) 飲める・買えるお店 TABI BAR &amp; CAFE SUZUVEL ml ¥ (税込)</p>","https://storage.googleapis.com/studio-cms-assets/projects/YPqrD0nkW5/s-800x800_v-fs_webp_e56b58c0-69c0-47fc-86f8-06cb9519139d.jpg","https://www.isego.shop/shopdetail/000000001412/ct197/page1/order/","iz_w8kz_"
"wwsytn5o","瓶内二次発酵酒 あわ 八海山","八海醸造株式会社（八海山）","八海山","4070","<p>商品詳細 繊細な泡を楽しむスパークリング日本酒です。 ロの中ではじける泡の秘密は“瓶内二次発酵”。瓶の中に発酵の過程で生じた炭酸ガスを閉じ込めました。グラスに注いだとき繊細な一筋泡が立つ透明な日本酒です。フルーティーな香りと上品な甘み、爽やかなスパークリングの口当たりをお楽しみください。 購入ページへ（外部サイト） その他商品一覧 八海山 唎酒 591 720ml ¥ 3,500 (税込) 八海山（HAKKAISAN） 瓶内二次発酵酒 あわ 八海山 720ml ¥ 4,070 (税込) 八海山（HAKKAISAN） 純米大吟醸 八海山 雪室熟成八年 720ml ¥ 7,700 (税込) 八海山（HAKKAISAN） 大吟醸 八海山 720ml ¥ 2,145 (税込) 八海山（HAKKAISAN） 発泡にごり酒 八海山 720ml ¥ 2,068 (税込) 飲める・買えるお店 該当するリストがありません</p>","https://storage.googleapis.com/studio-cms-assets/projects/YPqrD0nkW5/s-348x348_webp_9bca3542-fbad-47f8-885b-52e59e947a2a.jpg","https://amzn.to/3Ae4M7W","wwsytn5o"
"o_yedk8r","純米大吟醸 八海山 雪室熟成八年","八海醸造株式会社（八海山）","八海山","7700","<p>商品詳細 雪と眠りきれいに年月を重ねた熟成酒 日本有数の豪雪地帯、魚沼の自然の力を利用して、千トンに及ぶ雪を蓄えた低温貯蔵庫「雪室」で八年間熟成させた酒です。三度前後という低温で長期間寝かせることにより、淡麗な味わいを残しながら、なめらかで優雅な風味を持つ上質な熟成酒ができました。八年ものの八海山を象徴し、八を八つ、ハッハッハッハ…と吉祥の笑いを含む酒です。 購入ページへ（外部サイト） その他商品一覧 八海山 唎酒 591 720ml ¥ 3,500 (税込) 八海山（HAKKAISAN） 瓶内二次発酵酒 あわ 八海山 720ml ¥ 4,070 (税込) 八海山（HAKKAISAN） 純米大吟醸 八海山 雪室熟成八年 720ml ¥ 7,700 (税込) 八海山（HAKKAISAN） 大吟醸 八海山 720ml ¥ 2,145 (税込) 八海山（HAKKAISAN） 発泡にごり酒 八海山 720ml ¥ 2,068 (税込) 飲める・買えるお店 該当するリストがありません</p>","https://storage.googleapis.com/studio-cms-assets/projects/YPqrD0nkW5/s-500x500_webp_b36ede18-49c7-4423-a17d-dc017319c33c.jpg","https://amzn.to/3WPjGua","o_yedk8r"
"4qjiw3x8","大吟醸 八海山","八海醸造株式会社（八海山）","八海山","2145","<p>商品詳細 細かくまろやかで綺麗な味わいと ほのかに感じる上品な甘やかさ 毎年毎年、最高の酒を造りつづけることで磨いてきた蔵人の技。この酒のために選び抜いた山田錦と五百万石を45％にまで精米し、すべて手づくりの麹と、八海山の雪解け水が湧水となった「雷電様の清水」で醸した大吟醸。細かくまろやかで綺麗な味わいに、ほのかに感じる上品な甘やかさが料理を引き立てる、少し高級な食中酒です。 購入ページへ（外部サイト） その他商品一覧 八海山 唎酒 591 720ml ¥ 3,500 (税込) 八海山（HAKKAISAN） 瓶内二次発酵酒 あわ 八海山 720ml ¥ 4,070 (税込) 八海山（HAKKAISAN） 純米大吟醸 八海山 雪室熟成八年 720ml ¥ 7,700 (税込) 八海山（HAKKAISAN） 大吟醸 八海山 720ml ¥ 2,145 (税込) 八海山（HAKKAISAN） 発泡にごり酒 八海山 720ml ¥ 2,068 (税込) 飲める・買えるお店 該当するリストがありません</p>","https://storage.googleapis.com/studio-cms-assets/projects/YPqrD0nkW5/s-348x348_webp_c7e48ab1-49a8-4b09-a087-e240b3c4d751.jpg","https://amzn.to/3YBhjfI","4qjiw3x8"
"v2-xhm9v","発泡にごり酒 八海山","八海醸造株式会社（八海山）","八海山","2068","<p>商品詳細 さわやかな酸味と華やかな香り、きれいですっきりとした後味、炭酸の泡が口の中で心地よくはじける、発泡にごり酒です。食前酒としてもお勧めですが、濃厚な味のお料理や、スパイシーなお料理、また、フルーツなどのデザートにあわせていただくのもお勧めです。お召し上がりの際は良く冷やしてから開封してください。 購入ページへ（外部サイト） その他商品一覧 八海山 唎酒 591 720ml ¥ 3,500 (税込) 八海山（HAKKAISAN） 瓶内二次発酵酒 あわ 八海山 720ml ¥ 4,070 (税込) 八海山（HAKKAISAN） 純米大吟醸 八海山 雪室熟成八年 720ml ¥ 7,700 (税込) 八海山（HAKKAISAN） 大吟醸 八海山 720ml ¥ 2,145 (税込) 八海山（HAKKAISAN） 発泡にごり酒 八海山 720ml ¥ 2,068 (税込) 飲める・買えるお店 該当するリストがありません</p>","https://storage.googleapis.com/studio-cms-assets/projects/YPqrD0nkW5/s-500x500_webp_90b93002-dab8-458b-98bd-c8a9aa6a37f0.jpg","https://amzn.to/3SGh2EG","v2-xhm9v"
"6poyxjwi","八海山 飲みくらべ四選","八海醸造株式会社（八海山）","八海山","2530","<p>商品詳細 食事を引き立て、いつまでも飲み飽きない味わいを目指し醸した 「清酒 八海山」「特別本醸造 八海山」「大吟醸 八海山」「純米大吟醸 八海山」 が楽しめるセットです。 購入ページへ（外部サイト） その他商品一覧 八海山 唎酒 591 720ml ¥ 3,500 (税込) 八海山（HAKKAISAN） 瓶内二次発酵酒 あわ 八海山 720ml ¥ 4,070 (税込) 八海山（HAKKAISAN） 純米大吟醸 八海山 雪室熟成八年 720ml ¥ 7,700 (税込) 八海山（HAKKAISAN） 大吟醸 八海山 720ml ¥ 2,145 (税込) 八海山（HAKKAISAN） 発泡にごり酒 八海山 720ml ¥ 2,068 (税込) 飲める・買えるお店 該当するリストがありません</p>","https://storage.googleapis.com/studio-cms-assets/projects/YPqrD0nkW5/s-348x348_webp_4a1b7110-dec0-4a5e-858e-5b4d13b14624.jpg","https://amzn.to/4daDE8l","6poyxjwi"
"zv_prwc6","IWA 5 アッサンブラージュ4","株式会社白岩（IWA 5）","IWA 5","14960","<p>商品詳細 アッサンブラージュ4は、見事なダイナミズムを感じさせながら、幾重にも重なり合い、途切れることのない感覚の中で、優雅に花開きます。 アッサンブラージュの技法と瓶内熟成により、複雑で重層的な日本酒が創り上げられました。A4は、生き生きとしたミネラル感の後に、華やかなスミレのアロマが次第に押し寄せ、洗練された融合を見せます。 購入ページへ（外部サイト） その他商品一覧 飲める・買えるお店</p>","https://storage.googleapis.com/studio-cms-assets/projects/YPqrD0nkW5/s-1200x1200_v-fms_webp_54d68bc3-26da-4faf-b6d0-a24680ae93f3.png","https://iwa-sake.shop/products/assemblage4","zv_prwc6"
"7dtsppo_","醸し人九平次","Unknown",,"2365","<p>商品詳細 EAU DU DESIR（オウ・ド・デジール）とはフランス語で「希望の水」という意味です。 口にしたとき、液体の中から希望というエネルギーを感じてほしい。 あなたにとって、自分たちにとって、日本酒がもっともっと 「幸」多きものにしたい。 それを体現しているお酒です。 口に含むと蜂蜜のような甘さが広がり、その後すぐに柔らかな酸が広がっていきます。 わずかにミネラルも感じます。 購入ページへ（外部サイト） その他商品一覧 醸し人九平次（KAMOSHIBITO KUHEIJI） 醸し人 九平次　別誂　純米大吟醸 720ml ¥ 5,500 (税込) 醸し人九平次（KAMOSHIBITO KUHEIJI） 醸し人九平次 720ml ¥ 2,365 (税込) 飲める・買えるお店</p>","https://storage.googleapis.com/studio-cms-assets/projects/YPqrD0nkW5/s-577x433_webp_dbbbfc4b-2e76-44d5-b289-72ce7ac0c90b.png","https://hb.afl.rakuten.co.jp/ichiba/43695c17.87e88239.43695c18.22052bc6/?pc=https%3A%2F%2Fitem.rakuten.co.jp%2Fyamasake%2F5092%2F&link_type=hybrid_url&ut=eyJwYWdlIjoiaXRlbSIsInR5cGUiOiJoeWJyaWRfdXJsIiwic2l6ZSI6IjQwMHg0MDAiLCJuYW0iOjEsIm5hbXAiOiJyaWdodCIsImNvbSI6MSwiY29tcCI6ImRvd24iLCJwcmljZSI6MCwiYm9yIjoxLCJjb2wiOjEsImJidG4iOjEsInByb2QiOjAsImFtcCI6ZmFsc2V9","7dtsppo_"
"ojfdvlj1","黒龍 大吟醸 龍","Unknown",,"4400","<p>商品詳細 ワインの熟成を応⽤し、全国に先駆けて1975 年に発売したロングセラー⼤吟醸酒。蔵⼈の情熱が上品な果実⾹と上質な味わいを⽣み出します。 購入ページへ（外部サイト） その他商品一覧 飲める・買えるお店 該当するリストがありません</p>","https://storage.googleapis.com/studio-cms-assets/projects/YPqrD0nkW5/s-1000x1000_v-fs_webp_78aeb418-b950-4bac-b9bf-ad3b52725810.png","https://amzn.to/4fskfkU","ojfdvlj1"
"eoja0ccy","飛露喜 吟醸","Unknown",,"3300","<p>商品詳細 緑色ラベルの吟醸酒。年１回の限定販売。 購入ページへ（外部サイト） その他商品一覧 飲める・買えるお店</p>","https://storage.googleapis.com/studio-cms-assets/projects/YPqrD0nkW5/s-348x348_webp_1151e8fc-4cba-43c5-91f1-757520061b54.jpg","https://www.yajima-jizake.co.jp/products/detail.php?product_id=1436","eoja0ccy"
"jcrlp0in","十四代 中取り純吟 播州愛山","高木酒造株式会社（十四代）","十四代",,"<p>商品詳細 揚げ槽時、香味のバランスが最良の雫を集めることから「中取り」と呼ばれ、酒米の持つ力、味わいを充分に堪能出来る艶酒。 平成8年、愛山米による全国初の吟醸酒。 ボリューミーな味わいに、滑らかな舌触り、そして繊細な甘味と旨みが広がり深い味わいが楽しめます。 購入ページへ（外部サイト） その他商品一覧 飲める・買えるお店 該当するリストがありません</p>","https://storage.googleapis.com/studio-cms-assets/projects/YPqrD0nkW5/s-1080x1080_v-fs_webp_3643780b-7214-426f-8616-fca31a20da9d.png","https://www.sakenomy.jp/sake/TST0000006942/","jcrlp0in"
"nrentcpj","黒龍 大吟醸","Unknown",,"2750","<p>商品詳細 ふくよかな⾹り、透明な喉ごし、爽やかな飲み⼼地が⼈気の⼤吟醸。絹の⽻⼆重織のようにしなやかできめ細やかな味わいをお楽しみください。 購入ページへ（外部サイト） その他商品一覧 黒龍（KOKURYU） 黒龍 大吟醸 龍 ml ¥ 4,400 (税込) 黒龍（KOKURYU） 黒龍 大吟醸 ml ¥ 2,750 (税込) 飲める・買えるお店 該当するリストがありません</p>","https://storage.googleapis.com/studio-cms-assets/projects/YPqrD0nkW5/s-1000x1000_v-fs_webp_6e3e093e-66f3-4e60-ab68-55d9fb76e25c.png","https://www.kokuryu.co.jp/brew/kokuryu/daiginjo.html","nrentcpj"
"63a1rtmh","越乃梅里 純米大吟醸 亀口直採り 無濾過生原酒","DHC酒造（越乃梅里）","越乃梅里","2750","<p>商品詳細 「ワイングラスでおいしい日本酒アワード2020」プレミアム大吟醸部門 最高金賞を受賞した「越乃梅里 純米大吟醸 無濾過生原酒」を、亀口直採りした贅沢な一本が限定生産で遂に登場。 発酵過程で酵母が生産した炭酸ガスが外に逃げることなく溶け込んでおり、通常商品とは一味違った爽快な飲み口に。 購入ページへ（外部サイト） その他商品一覧 飲める・買えるお店 該当するリストがありません</p>","https://storage.googleapis.com/studio-cms-assets/projects/YPqrD0nkW5/s-600x540_v-fs_webp_5e439fd7-e4e7-498c-9be7-bd6340d30998.jpg","https://dhcshuzo.net/?pid=149375105","63a1rtmh"
"i612uj6m","朝日晴 佳撰","Unknown",,"1980","<p>商品詳細 全国燗酒コンテスト2020　お値打熱燗部門【最高金賞】 大正７年発売、100年以上豊栄で親しまれている地元の晩酌酒です。 芳醇という呼び名がピッタリします。口当たり柔らか、のど越しの切れあり、香りは穏やかで繊細。 夏は冷酒、秋冬は燗でお召し上がりください。 購入ページへ（外部サイト） その他商品一覧 越乃梅里（KOSHINOBAIRI） 越乃梅里 純米大吟醸 亀口直採り 無濾過生原酒 ml ¥ 2,750 (税込) 朝日晴（ASAHIBARE） 朝日晴 佳撰 ml ¥ 1,980 (税込) 飲める・買えるお店 該当するリストがありません</p>","https://storage.googleapis.com/studio-cms-assets/projects/YPqrD0nkW5/s-800x800_v-fs_webp_e67f4c6e-1ae7-498e-a2c7-64010ca88754.jpg","https://dhcshuzo.net/?pid=61552188","i612uj6m"
"zf0ohuce","風の森 露葉風 807 純米 無濾過 無加水 生酒","Unknown",,"1496","<p>商品詳細 奈良県唯一の酒造好適米奨励品種である「露葉風」は、栽培が困難な事から一旦は途絶えた品種でしたが、県内各地の農家様の努力によって復活した酒米です。 白露・早生双葉を掛け合わせた品種で、心白が、山田錦よりも大きなところが特徴ですが、吸水速度が速く、原料処理が難しい大変個性的なお米です。 味わいは、精米80％というだけあって結構ボリューム感があります。 コンポートにしたパイナップルのようなふくよかな丸みのある味わいですが、風の森らしい綺麗な酸とシュワっとした微発泡感のおかげで、甘ったるくも、アルコール度数の高さも全く感じさせません。 購入ページへ（外部サイト） その他商品一覧 風の森（KAZE NO MORI） 風の森 ALPHA1 DRY 次章への鍵 720ml ¥ 1,496 (税込) 風の森（KAZE NO MORI） 能登の酒を止めるな！奥能登の白菊 2本セット 720ml ¥ 6,600 (税込) 風の森（KAZE NO MORI） 風の森 山田錦 807 生酒 720ml ¥ 1,496 (税込) 風の森（KAZE NO MORI） 風の森 秋津穂 657 生酒 720ml ¥ 1,397 (税込) 風の森（KAZE NO MORI） 風の森 秋津穂 507 生酒 720ml ¥ 1,798 (税込) 飲める・買えるお店 該当するリストがありません</p>","https://storage.googleapis.com/studio-cms-assets/projects/YPqrD0nkW5/s-348x348_webp_d2cd75d3-ec5c-4b55-8d9a-01b87719252f.jpg","https://amzn.to/4flL2PN","zf0ohuce"
"a8mzid2s","純米大吟醸 久保田 萬寿（まんじゅ）","朝日酒造株式会社（久保田 / 朝日山）","久保田 / 朝日山","4590","<p>商品詳細 1985年誕生、蔵の昔の屋号くぼたやを銘にした、朝日酒造の旗艦酒。『速醸もと仕込み』と『山廃もと仕込み』の両酒をブレンドする事で、スッキリ柔らかながら深いコクを持つ、冷や・燗万能な酒質に仕上げました。自己主張し過ぎず、料理のわき役に徹する美学を貫く姿は、日本人が元来持つ奥ゆかしさのDNAを見事にくすぐります。 存在感がありつつ、柔らかな口当りと調和のとれた旨味。蔵人が絶妙に仕上げた久保田の最高峰。 購入ページへ（外部サイト） その他商品一覧 久保田（KUBOTA） 久保田 千寿 吟醸生原酒 ml ¥ 3,652 (税込) 久保田（KUBOTA） 久保田 純米大吟醸 ml ¥ 1,980 (税込) 久保田（KUBOTA） 純米大吟醸 久保田 萬寿（まんじゅ） ml ¥ 4,590 (税込) 飲める・買えるお店</p>","https://storage.googleapis.com/studio-cms-assets/projects/YPqrD0nkW5/s-640x640_v-fs_webp_fb05683e-e5ad-4c7a-b5a6-612de1289939.jpg","https://amzn.to/3SzzkXZ","a8mzid2s"
"hcsm-1tr","越乃冬雪花 純米吟醸","高野酒造株式会社（越路吹雪）","越路吹雪","2670","<p>商品詳細 馥郁(ふくいく)たる香りと純米吟醸ならではのまろやかな味わいが楽しめます。 2013、14スローフードジャパン燗酒コンテスト金賞受賞。 「越乃冬雪花」は、高野酒造の代表ブランド『3雪(越乃冬雪花、越路吹雪、越乃寒雪)』のひとつ。 新潟の冬は大変厳しく長い。しかし、その厳しい自然が素晴らしい日本酒を造り上げてくれます。 そのため、新潟の雪をイメージした商品名が高野酒造の代表ブランドとなっております。 購入ページへ（外部サイト） その他商品一覧 コシノロクハク（KOSHINOROKUHAKU） 「コシノロクハク」 新春ブレンド（春季限定酒） ml ¥ 1,408 (税込) 越乃冬雪花（KOSHINO TOSETSUKA） 越乃冬雪花 純米吟醸 ml ¥ 2,670 (税込) 飲める・買えるお店 該当するリストがありません</p>","https://storage.googleapis.com/studio-cms-assets/projects/YPqrD0nkW5/s-348x348_webp_b2d0e1af-794c-4ed7-9ced-632d8005c62b.jpg","https://amzn.to/3A1x45v","hcsm-1tr"
"mksq2vfr","白瀧酒造 上善如水 純米吟醸","白瀧酒造株式会社（上善如水）","上善如水","3170","<p>商品詳細 白瀧酒造の代表銘柄です。1990年の発売以降、越後湯沢のスキー客を中心とした皆さまの口コミで全国へ広がりました。 キレのある軽快な味わいと、もぎたての果実のような華やかな香り、そして純米のまろやかな旨味の余韻。 初めて日本酒を飲む方にも楽しんでいただけるような、澄み切った水の如き日本酒です。 購入ページへ（外部サイト） その他商品一覧 飲める・買えるお店 該当するリストがありません</p>","https://storage.googleapis.com/studio-cms-assets/projects/YPqrD0nkW5/s-343x300_webp_0b55a16d-e6a9-431c-b89f-841b4a4862aa.jpg","https://amzn.to/3yiQOBa","mksq2vfr"
"fk1_hshj","新政 No.6 Xタイプ 720ml","新政酒造株式会社（新政）","新政","3280","<p>精米歩合 % 商品詳細 「No.6」最上級モデルのX-Type(エックスタイプ)は、「eXcellent」（豪華版）を意味するフラッグシップモデルである。磨きこまれた米を用いるため、より格調高い仕上がりであり、６号酵母の清楚にして力強い存在感を鮮やかに感じ取ることができる。６号酵母誕生当時の槽口の味わいを、90年の時を超えて想起させるように願い醸される作品。 購入ページへ（外部サイト） その他商品一覧 飲める・買えるお店 該当するリストがありません</p>","https://storage.googleapis.com/studio-cms-assets/projects/YPqrD0nkW5/s-348x348_webp_2cd7f988-e366-4b56-9989-32d632bdc3c1.jpg","https://ozakishouten.com/product/%E6%96%B0%E6%94%BF-no-6-x-type-720ml/","fk1_hshj"
"zq2zxzlw","獺祭 純米大吟醸 磨き二割三分 1800ml","Unknown",,"11440","<p>商品詳細 23%という極限まで磨いた山田錦を使い、最高の純米大吟醸に挑戦しました。 華やかな上立ち香と口に含んだときのきれいな蜂蜜のような甘み、飲み込んだ後口はきれいに切れていきながらも長く続く余韻。獺祭のフラッグシップ。 購入ページへ（外部サイト） その他商品一覧 獺祭（DASSAI） 獺祭 スパークリング ml ¥ 2,255 (税込) 獺祭（DASSAI） 獺祭 純米大吟醸 磨き二割三分 1800ml ml ¥ 11,440 (税込) 飲める・買えるお店 該当するリストがありません</p>","https://storage.googleapis.com/studio-cms-assets/projects/YPqrD0nkW5/s-1000x1000_v-fs_webp_15066e5e-8d98-4ba2-984f-e32e4fc8b6ab.jpg","https://www.dassaistore.com/product-detail/4","zq2zxzlw"
"zwqxnw9y","北雪　大吟醸YK35","株式会社北雪酒造（北雪）","北雪","5500","<p>商品詳細 酒造好適米の山田錦を35%まで磨き上げ、長期低温醗酵で生まれた手造りの大吟醸酒です。 芳醇な香りと繊細で深みのある味わいのハーモニーを心ゆくまでご堪能下さい。 購入ページへ（外部サイト） その他商品一覧 飲める・買えるお店</p>","https://storage.googleapis.com/studio-cms-assets/projects/YPqrD0nkW5/s-572x800_v-fs_webp_a98bffe6-9cd3-4c30-a6ff-70d3baf4110b.jpg","https://amzn.to/4cZ2GHk","zwqxnw9y"
"j85hgfvy","鶴齢　純米大吟醸","Unknown",,"8000","<p>商品詳細 新潟県産の越淡麗を100％使った純米大吟醸酒です。果実を想わせる華やかな香りと、飲みやすさの中に広がる優しい旨味が特徴のお酒です。 購入ページへ（外部サイト） その他商品一覧 飲める・買えるお店 該当するリストがありません</p>","https://storage.googleapis.com/studio-cms-assets/projects/YPqrD0nkW5/s-960x1440_v-fms_webp_4bc40f88-1110-40c8-bbd4-aca3273ccb84.jpg","https://amzn.to/4c2lCUg","j85hgfvy"
"qzctipj4","南部美人 夏酒 Breezy","株式会社南部美人（南部美人）","南部美人","1606","<p>精米歩合 % 商品詳細 爽やかで優しい香り、瑞々しい果実のような印象から、徐々に米の旨味甘味を感じられ心地よく喉を潤します。 ラベルのモチーフにもなっているオーストラリアにあるホワイトヘブンビーチを思わせるような初夏の味わいをキリっと冷やしてお楽しみください。 購入ページへ（外部サイト） その他商品一覧 飲める・買えるお店 該当するリストがありません</p>","https://storage.googleapis.com/studio-cms-assets/projects/YPqrD0nkW5/s-534x800_v-fs_webp_fa8ba48b-0ab7-44bc-9fc4-42a4eaa87dd8.jpg","https://amzn.to/4dkKrfy","qzctipj4"
"zcoc6dwl","純米大吟醸 八海山","八海醸造株式会社（八海山）","八海山","2365","<p>精米歩合 % 商品詳細 透明感のある綺麗な味わいとふわっと広がる上品な甘やかさ。 購入ページへ（外部サイト） その他商品一覧 八海山 唎酒 591 720ml ¥ 3,500 (税込) 八海山（HAKKAISAN） 瓶内二次発酵酒 あわ 八海山 720ml ¥ 4,070 (税込) 八海山（HAKKAISAN） 純米大吟醸 八海山 雪室熟成八年 720ml ¥ 7,700 (税込) 八海山（HAKKAISAN） 大吟醸 八海山 720ml ¥ 2,145 (税込) 八海山（HAKKAISAN） 発泡にごり酒 八海山 720ml ¥ 2,068 (税込) 飲める・買えるお店 該当するリストがありません</p>","https://storage.googleapis.com/studio-cms-assets/projects/YPqrD0nkW5/s-800x800_v-fs_webp_c6b1b06d-f0d2-4c1b-8256-234414cd2a66.jpg","https://amzn.to/4fnumqX","zcoc6dwl"
"prenlrc9","あべ 純米 夏酒 生詰 720ml","Unknown",,"2420","<p>商品詳細 あべシリーズの夏酒。他のあべシリーズに比べると酸を感じやすい酒です。キレ味抜群のドライな飲み口でありながら、米の旨味もしっかりあります。夏らしい爽やかで軽やかな味わいを感じてください。 購入ページへ（外部サイト） その他商品一覧 あべ（ABE） あべ＋（プラス） 720ml ¥ 2,420 (税込) あべ（ABE） あべ REGULUS 火入 2023 720ml ¥ 2,310 (税込) あべ（ABE） あべ 俺たちの酒 春陽スパークリング 500ml ¥ 2,273 (税込) あべ（ABE） あべ 純米 夏酒 生詰 720ml ml ¥ 2,420 (税込) 飲める・買えるお店 該当するリストがありません</p>","https://storage.googleapis.com/studio-cms-assets/projects/YPqrD0nkW5/s-765x900_v-fs_webp_d1b8b527-17e3-4cda-9128-758e58b4b230.jpg","https://amzn.to/3YloSHa","prenlrc9"
"mzr_w0wi","醸す森 純米大吟醸 生酒","Unknown",,"2200","<p>商品詳細 ニュータイプ、従来の日本酒という概念にはあてはまらないような酒、それが「kamosu mori」。 甘い果実のようなアタックから、キュっと引き締ますような酸味が感じられるスイーツのような日本酒です。 購入ページへ（外部サイト） その他商品一覧 飲める・買えるお店</p>","https://storage.googleapis.com/studio-cms-assets/projects/YPqrD0nkW5/s-600x600_v-fs_webp_46225514-07b2-46ad-a41c-8ba1267771a7.jpg","https://amzn.to/3Sqz2CW","mzr_w0wi"
"ckxque--","油長酒造 風の森 ALPHA 1 次章への扉","Unknown",,"1496","<p>商品詳細 風の森　ＡＬＰＨＡ　ＴＹＰＥ　１　は　アルコール度数を低く抑え ながらも、バランスのとれたボリューム感ある味わいに仕上げた 新しいタイプの日本酒です。 丸味のある洗練された上質な味わい。 日本酒の域を超えたワインのような優雅な旨味と爽やかな酸。 上品な美味しさが食卓を華やかにする１本です。 購入ページへ（外部サイト） その他商品一覧 風の森（KAZE NO MORI） 風の森 ALPHA1 DRY 次章への鍵 720ml ¥ 1,496 (税込) 風の森（KAZE NO MORI） 能登の酒を止めるな！奥能登の白菊 2本セット 720ml ¥ 6,600 (税込) 風の森（KAZE NO MORI） 風の森 山田錦 807 生酒 720ml ¥ 1,496 (税込) 風の森（KAZE NO MORI） 風の森 秋津穂 657 生酒 720ml ¥ 1,397 (税込) 風の森（KAZE NO MORI） 風の森 秋津穂 507 生酒 720ml ¥ 1,798 (税込) 飲める・買えるお店 該当するリストがありません</p>","https://storage.googleapis.com/studio-cms-assets/projects/YPqrD0nkW5/s-348x348_webp_cb1ace78-c704-4804-8984-6ff279aeed18.jpg","https://amzn.to/3ygKcTL","ckxque--"
"gi97qr-0","村祐 常盤ラベル 生酒","Unknown",,"4290","<p>商品詳細 芳醇な口当たりときめの細かい甘さが特徴です。 その優しく上品な甘味は、まさしく「和三盆糖」を思わせます。 村祐が目指す酒質の真骨頂とも言える逸品です。 固定観念に囚われず、酒その物の味を見てもらいたいという思いで、成分などは非公開とさせて頂いてます。 購入ページへ（外部サイト） その他商品一覧 村祐（MURAYU） 村祐 長寿（焼酎） ml ¥ 1,650 (税込) 村祐（MURAYU） 村祐 紺瑠璃ラベル 生酒 ml ¥ 1,980 (税込) 村祐（MURAYU） 村祐 茜ラベル 亀口取り ml ¥ 1,980 (税込) 村祐（MURAYU） 村祐 常盤ラベル 生酒 1800ml ¥ 4,290 (税込) 飲める・買えるお店</p>","https://storage.googleapis.com/studio-cms-assets/projects/YPqrD0nkW5/s-800x800_v-fs_webp_95290693-730b-43d2-a4a7-6066039fa131.jpg","https://www.isego.shop/shopdetail/000000001330/ct197/page1/order/","gi97qr-0"